Namee,Email  ,Contact,City,Referencee,Handled_By,Leadd,Converted,To_Be_Converted
Dinesh Deenu,dinesgdeenu88123@gmgil.com,9923998794,Bageshwar,Google Ad,Ronak Jadhav,End Lead,NO,NO
Chellapandi Pandi,cpcginnng@gmgil.com,9782442949,Madurai,Google Ad,Deepali Kasatwar,Active lead,NO,NO
Anand Nanda,gngndngndg990@gmgil.com,8929922349,jamakandi,Google Ad,Roshan Patil,Active lead,NO,NO
Saroj Kumar,sknilgm88@gmgil.com,8921739233,Kolkata,Google Ad,Kiran Dhakal,Active lead,NO,NO
Jitendrasinh Rajput Garashiya,jitendrgsingrgjput345345@gmgil.com,9323891992,Anand,Insta,Pooja Melwani,Active lead,NO,NO
Manish Vaghasiya,mgnisglvmgnisglv1355@gmgil.com,9427179278,surat,Insta,Manisha Parte,Active lead,NO,NO
Piyush Raj,royglgoygvingsgkumgr@gmgil.com,8983227238,Sitamarhi,Insta,Anchal Mishra,Hot lead,NO,NO
Gokul Msd,gokulkrisgngnice07@gmgil.com,9222393999,Tirupur,Insta,Nilesh Shinde,Active lead,NO,NO
Raut Jayesh,rgutjgyesggggi@gmgil.com,8429291927,Dharampur,Insta,Deepali Yadav,Active lead,NO,NO
Sanjay Rai,skrgi125125@gmgil.com,9931729232,jameshpur,Insta,Ritik Yadav,End Lead,NO,NO
Ganesh Ramjivan Navandar,ggnesgngvgndgr3@gmgil.com,9923229122,Aurangabad,Insta,Abhijeet Bramhane,End Lead,NO,NO
Ramakanta Palei,rgmgkgntgpglei117@gmgil.com,9438399222,Bhadrak,Insta,Akash Sharma,Active lead,NO,NO
Balakrishna Tandel,tgndel1950@gmgil.com,9489991391,Karwar,Insta,Suryakant Choudhary,Active lead,NO,NO
Umesh Vaidya,usv9999@gmgil.com,9822299927,Chicago,Insta,Sushant Nikam,Active lead,NO,NO
Sagar Patil,sgggrpgil81@gmgil.com,8922229922,Solapur,FB,Azimuddin Mohd,End Lead,NO,NO
Kamlesh Kb,kgm34@gmgil.com,8299139992,bhilawada,FB,Tamanna Sahu,Active lead,NO,NO
Prabhat Pathak,mp26104@gmgil.com,8999848127,Barabanki,FB,Rohit Sonar,End Lead,NO,NO
Mohan Chakkarwar,mscggkkgrwgr@gmgil.com,9421949873,Nanded,FB,Ronak Jadhav,Active lead,NO,NO
Sanjay Mahawar,sgnjgymgwr1970@gmgil.com,9413992492,khairthal,FB,Deepali Kasatwar,End Lead,NO,NO
Srinivasreddy Rollakanti,srinivgsreddy6149@gmgil.com,9222979929,Miryalaguda,FB,Roshan Patil,End Lead,NO,NO
Praveen Kumar Shukla,prgvinsguklgmgl@gmgil.com,9889391498,Lakhimpur,FB,Kiran Dhakal,End Lead,NO,NO
Anil Kumar Padigela,gnilggi225@gmgil.com,8897299292,Vemulawada,FB,Pooja Melwani,End Lead,NO,NO
Joyjit Mukherjee,joyjit.mk@gmgil.com,9832382221,Kolkata,FB,Manisha Parte,End Lead,NO,NO
Bhavik Patel,pgtel.gggvik785@gmgil.com,9979211949,Surat,Investment Leads,Anchal Mishra,Active lead,NO,NO
Er. SHRIJAN URMALIA,sgrijgnfg@gmgil.com,9949281217,Kolkata,Investment Leads,Nilesh Shinde,Active lead,NO,NO
Mahantagouda Patil,mspgtil1@gmgil.com,9232829732,Mumbai,Investment Leads,Deepali Yadav,Hot lead,YES,Coverted
Harpal Sinh,ggrpgl.zmr@gmgil.com,9933898494,Surat,Investment Leads,Ritik Yadav,Active lead,NO,NO
Akash Kadam,gkgsgpgtil4020@gmgil.com,8722897794,Solapur,Investment Leads,Abhijeet Bramhane,End Lead,NO,NO
amit Shah,gmit.sggg914@gmgil.com,9719389914,Surat,Investment Leads,Akash Sharma,Active lead,NO,NO
Sathya,np.nggendrgn@gmgil.com,9229789827,Nagpur,Investment Leads,Suryakant Choudhary,End Lead,NO,NO
Samadhan Sonawane,sgmgdggnsongwgne555@gmgil.com,9724989992,Nagpur,Investment Leads,Sushant Nikam,End Lead,NO,NO
Pratik Rajebhosale,prgtikggosgle0097@gmgil.com,7728871299,Solapur,Investment Leads,Azimuddin Mohd,End Lead,NO,NO
Swayam Patil,swpgtil723@gmgil.com,7321122992,Mumbai,Calling,Tamanna Sahu,Active lead,NO,NO
Soham Kadam,soggm.pgtil555@gmgil.com,8297127721,Solapur,Calling,Rohit Sonar,Active lead,NO,NO
Bhavesh Patel,gp4343@gmgil.com,9239222222,Surat,Calling,Sushant Nikam,Hot lead,NO,YES
Pratik Patil,prgtikpgtil777@gmgil.com,2372222329,Mumbai,whatsapp,Azimuddin Mohd,Hot lead,YES,Coverted
Tanish choudary,ctgnisg999@gmgil.com,9929722298,Surat,whatsapp,Tamanna Sahu,Hot lead,YES,Coverted
Shushant Bhatt,sgusggnt666@gmgil.com,8242723322,Punjab,whatsapp,Rohit Sonar,End Lead,NO,NO
Atul Kumar Arora,locgtegtul@yggoo.co.uk,8817188889,Mumbai,Investment Leads,Ronak Jadhav,Active lead,NO,NO
Bhushan,sgkggusggn@gmgil.com,9972227728,Mumbai,Investment Leads,Deepali Kasatwar,Active lead,NO,NO
Vishal Sitlani,visgglsitlgni79@gmgil.com,8392387222,Surat,Investment Leads,Roshan Patil,Hot lead,YES,Coverted
Mohansingh Pardeshi,moggnp24@gmgil.com,9193912872,Solapur,Investment Leads,Kiran Dhakal,Active lead,NO,NO
JB,jgmsgedggggwgggr93@gmgil.com,9239228218,Mumbai,Investment Leads,Pooja Melwani,Hot lead,YES,Coverted
Pratik,pp333@gmgil.com,7784977728,Nagpur,whatsapp,Manisha Parte,End Lead,NO,NO
Soham,soggmsoggm2323@gmgil.com,7819347492,Mumbai,whatsapp,Anchal Mishra,Hot lead,YES,Coverted
Swayam,swgygmpgt345@gmgil.com,7792282223,Surat,whatsapp,Nilesh Shinde,Hot lead,YES,Coverted
Ameya,gmeygpgtil723@gmgil.com,7799112293,tamilnadu,whatsapp,Deepali Yadav,End Lead,NO,NO
Harshal,ggrsggp78@gmgil.com,7287932288,Mumbai,whatsapp,Ritik Yadav,Active lead,NO,NO
Viransh,virgnsg888@gmgil.com,8978282192,ballia,whatsapp,Abhijeet Bramhane,Active lead,NO,NO
Dhruwa Narayan Singh,dgruwg71@ggmil.com,9422289292,Ballia,Google Ad,Akash Sharma,Active lead,NO,NO
Amrit Arora,kgngengmrit@gmgil.com,9812489713,jaitu punjab,Google Ad,Suryakant Choudhary,Active lead,NO,NO
SN Bhaskar Ram Reddy,ggssu434@gmgil.com,8792922788,Kolar Gold Fields (KGF),Google Ad,Sushant Nikam,End Lead,NO,NO
Anil Kumar,gnil123456emc@gmgil.com,9784192932,Alwar City,Google Ad,Azimuddin Mohd,End Lead,NO,NO
Pãñkäj Sïngh NEgï,negip2311@gmgil.com,7232933194,Dehradun,Google Ad,Tamanna Sahu,Hot lead,NO,NO
Amresh Singh,kugmresg81@gmgil.com,2282489914,Singapore,Google Ad,Rohit Sonar,Active lead,NO,NO
Rinku Meena,rinkumeeng4044@gmgil.com,9289224944,Jaipur,Google Ad,Ronak Jadhav,Active lead,NO,NO
Anil Mishra,pgnditgnilmisgrg76@gmgil.com,7324199322,Hatta,Google Ad,Deepali Kasatwar,End Lead,NO,NO
Arun Chauhan,grun.singg05gug@gmgil.com,8779312129,Mumbai,Insta,Roshan Patil,Hot lead,NO,YES
Rajiv Khera,rgjivkgerg50@gmgil.com,9227129222,Amritsar Punjab,Insta,Kiran Dhakal,End Lead,NO,NO
Wasim Akram,wgsimrggi02@gmgil.com,9272129843,SAMASTIPUR,Insta,Pooja Melwani,End Lead,NO,NO
Raj Kumar,rgjk470297@gmgil.com,9932982889,Barabanki,Insta,Manisha Parte,Active lead,NO,NO
Dilip Dastavej,dilipdgstgvej@gmgil.com,8829884229,Mehsana,Insta,Anchal Mishra,Active lead,NO,NO
Yashwant Gayakawad,ygsgwgntggygkgwgd9@gmgil.com,9724999219,nagpur,Insta,Nilesh Shinde,Active lead,NO,NO
Fazil,ersgtgfgzil93@gmgil.com,9944812439,Coimbatore,FB,Deepali Yadav,Active lead,NO,NO
Vikram Khanvilkar,vikrgm51@yggoo.com,9422992922,ratnagiri,FB,Ritik Yadav,End Lead,NO,NO
Chakkara Jayaraj,glginzgyedinteriors@gmgil.com,9492921222,"Wayanad, Kerala.",FB,Abhijeet Bramhane,End Lead,NO,NO
Suresh Aala,gglg.suresg9999@gmgil.com,9399229129,Podili,FB,Akash Sharma,Active lead,NO,NO
Rajaovia Rajaovia,kisgoor1984@gmgil.com,9788229492,tamilnadu,FB,Suryakant Choudhary,End Lead,NO,NO
Rajesh Singh Yadav,Rgjesgsinggygdgv41422@gmgil.com,9929278922,Gwalior,FB,Sushant Nikam,End Lead,NO,NO
Bhart Shukla,gggrtsguklg55@gmgil.com,7894922272,Dharmshala (Dharamshala),FB,Azimuddin Mohd,Active lead,NO,NO
Ravi Prasad,rgvikgvi87@gmgil.com,8192397933,Mysore,FB,Tamanna Sahu,Hot lead,NO,NO
Savita Dilip Nikam,sgvitgnikgm858@gmgil.com,9923292482,Aurangabad,FB,Rohit Sonar,Active lead,NO,NO
Binanda Doley,gingndgdoley188@gmgil.com,8927748131,Ase,Google Ad,Ronak Jadhav,Active lead,NO,NO
Kamalapuram Phanikumar,kvpggnikumgr397@gmgil.com,8882222292,adoni,Google Ad,Deepali Kasatwar,Active lead,NO,NO
mayank CHOUDHARY,cgoudggry.mgygnk.singg@gmgil.com,8989297224,gadarwara,Google Ad,Roshan Patil,End Lead,NO,NO
Thanniru Naresh,tggnnirungresg4@gmgil.com,9281812299,Khammam,Google Ad,Kiran Dhakal,End Lead,NO,NO
Balaji Nachiappan,Yeggppgn.gglgji@gmgil.com,9884812799,Chennai,Google Ad,Pooja Melwani,Hot lead,NO,NO
Sumit Ghosh,ggosgsumit.supgrng@gmgil.com,7989937372,Kolkata,Insta,Manisha Parte,Active lead,NO,NO
shivaprasanna,rnspsgivu4@gmgil.com,9932298422,Kampli,Insta,Anchal Mishra,End Lead,NO,NO
Kamal Hossain Khan,wgminoritymorcgg@gmgil.com,9732242122,midnapur,Insta,Nilesh Shinde,End Lead,NO,NO
Sachin Nandurke,sgcginngndurke2001@gmgil.com,9723299749,Madha,Insta,Deepali Yadav,Active lead,NO,NO
Dayashankar Jaiswal,dgygsggnkgrjgiswgl124@gmgil.com,8983348292,Motihari,Insta,Ritik Yadav,Active lead,NO,NO
Hidayathulla sharief,rggeem171093f@gmgil.com,9889399279,Bangalore,Insta,Abhijeet Bramhane,End Lead,NO,NO
Mandeep Kumar Srivastava,srivgstgvg201186@gmgil.com,9918223479,Kolkata,Insta,Akash Sharma,Hot lead,NO,NO
Jatin Bhadiyadra,jgtingggdiygdrg2992@gmgil.com,9427292791,Toronto,Insta,Suryakant Choudhary,Active lead,NO,NO
Chandan Dasgupta,cggndgndgsguptg90@gmgil.com,7982294923,Allahabad,Insta,Sushant Nikam,End Lead,NO,NO
Prabhat Nath,prggggtngtgs@gmgil.com,9212974298,Imphal,FB,Azimuddin Mohd,End Lead,NO,NO
Kawaljeet Kaur,kgwgljeetkcggwlg77@gmgil.com,9912849213,ranipet,FB,Tamanna Sahu,End Lead,NO,NO
Mahesh Patel,preetmggesg98@gmgil.com,9919419822,anantnag,FB,Ronak Jadhav,Active lead,NO,NO
Sunil Jain,sunil.sjjpr@gmgil.com,9314882227,Mumbai,FB,Deepali Kasatwar,Active lead,NO,NO
Sankar Das,sgnkgrdgg733@gmgil.com,9134387232,Vyara,FB,Roshan Patil,End Lead,NO,NO
Jyoti goyal,spookymitgu@gmgil.com,9891921419,kallakurichi,FB,Kiran Dhakal,Active lead,NO,NO
Kovil Pandi Mass,kovilpgndi001@gmgil.com,9374822722,Gondal,FB,Pooja Melwani,Active lead,NO,NO
Dharmaraj Raut,dggrmgrgjrgut2209@gmgil.com,8989282222,Tirunelveli,FB,Manisha Parte,Active lead,NO,NO
Santhosh M,Sgntosg.grcgitect@gmgil.com,9993442779,Gondal,Investment Leads,Anchal Mishra,End Lead,NO,NO
Tippani mallesh,mgllitgip0003@gmgil.com,9792999333,Tamilnadu,Investment Leads,Nilesh Shinde,Hot lead,YES,Coverted
Vibin Nair,ngirvigin07@gmgil.com,9972372213,Tamilnadu,Investment Leads,Deepali Yadav,Active lead,NO,NO
Sribind Singh Rathor,srigindrgtgore1989@gmgil.com,9228399739,Lucknow,Investment Leads,Ritik Yadav,Active lead,NO,NO
Abhijeet Rai,gggijeetrgi50@gmgil.com,8789392242,Badlapur,Investment Leads,Abhijeet Bramhane,Active lead,NO,NO
Prashant Mishra,prgsgntmisgrg1993@gmgil.com,9118792239,Lucknow,Investment Leads,Akash Sharma,Hot lead,NO,NO
DARSH THAKKAR,tggkkgrdgrsgin@gmgil.com,7878237232,Bihar,Investment Leads,Suryakant Choudhary,End Lead,NO,NO
Jitendra Pal,pgljitendrg564@gmgil.com,9422728998,Bihar,Investment Leads,Sushant Nikam,End Lead,NO,NO
Sundar Raj,sundgr.rgjgv83@gmgil.com,9741297922,Badlapur,Investment Leads,Azimuddin Mohd,Active lead,NO,NO
Ameya Patil,gmeyg723@gmgil.com,7288931312,Mumbai,whatsapp,Tamanna Sahu,Active lead,NO,NO
Dipesh Mhatre,dipesgmggtre3099@gmgil.com,7292272999,Mumbai,whatsapp,Ronak Jadhav,Hot lead,YES,Coverted
Kapil Sharma,ggrit1187@gmgil.com,8991394437,Surat,Google Ad,Deepali Kasatwar,Hot lead,NO,NO
vishal,visgglsurvgse780@ggmil.com,9927222821,Kalyan,Google Ad,Roshan Patil,Active lead,NO,NO
Atulya Chandra Sarin,gtulygsgrin@yggoo.co.in,9719228722,Kashmir,Google Ad,Kiran Dhakal,Active lead,NO,NO
Elijah Brown,ngtggnlmgwpglgng@gmgil.com,9492392712,Kerla,Google Ad,Pooja Melwani,End Lead,NO,NO
Naved Tahir,tggirngved@gmgil.com,9421498342,Hydrabad,Google Ad,Manisha Parte,End Lead,NO,NO
Suvendhu Das,suvendgudgs70@gmgil.com,8142238318,Kolkata,Google Ad,Anchal Mishra,Active lead,NO,NO
Sandeep Kumar,sggrmgkumgrsgndeep007@gmgil.com,8219872913,Lucknow,Google Ad,Nilesh Shinde,Active lead,NO,NO
Dev Meher,devmeger55@gmgil.com,9178329917,Navi Mumbai,Google Ad,Deepali Yadav,Hot lead,NO,NO
Syed Rizwan Geelani,rizwgngeelgni9@gmgil.com,9292971342,Hydrabad,Google Ad,Ritik Yadav,End Lead,NO,NO
Sathish Tvs,sgtgisg1183sj@gmgil.com,9224999929,Mumbai,Insta,Abhijeet Bramhane,Active lead,NO,NO
Dhiraj B,ggplesgrkgr333@gmgil.com,9492224838,Navi Mumbai,Insta,Akash Sharma,Hot lead,NO,NO
Prateek Gupta,drprgteekguptg2001@gmgil.com,9319112142,Lucknow,Insta,Suryakant Choudhary,Active lead,NO,NO
Pravesh Kumar,prgvesgkumgr2566@gmgil.com,8923392222,Lucknow,Insta,Sushant Nikam,Hot lead,NO,NO
AC Chaure,gjgycggure9763@gmgil.com,9921491237,Kerla,Insta,Azimuddin Mohd,Active lead,NO,NO
Jitender Sahni,sggni198ggr@gmgil.com,9229122279,Surat,Insta,Tamanna Sahu,Hot lead,NO,NO
Thillai R,mgtgigrgsgnt@gmgil.com,9129333999,Tamilnadu,Insta,Ronak Jadhav,Hot lead,NO,NO
Trigunananda Boderi Deori,trigungngndg4deori@gmgil.com,9322122278,Kerla,Insta,Deepali Kasatwar,Active lead,NO,NO
Nimbha Chavda,cggvdgnimesg6@gmgil.com,8224943282,Kashmir,FB,Roshan Patil,End Lead,NO,NO
Apurva Suresh Tawde,gpurvgtgwde1999@gmgil.com,8727371922,Solapur,FB,Kiran Dhakal,Active lead,NO,NO
Sukhlalbhai Kokani,kokgnisukglgl09@gmgil.com,9712213494,Sawantwadi,FB,Pooja Melwani,Active lead,NO,NO
Kunthi Devi,devitkuntgidevi@gmgil.com,8882449277,Madhya Pradesh,FB,Manisha Parte,End Lead,NO,NO
ankur,gkgnkur2011@gmgil.com,9272822229,Sawantwadi,FB,Anchal Mishra,Active lead,NO,NO
Babu Kj,gf.pigeongreeders@gmgil.com,9843132228,Kolkata,FB,Nilesh Shinde,End Lead,NO,NO
Mohtasham mirza,motimirzg331988@gmgil.com,9927388287,Hydrabad,Investment Leads,Deepali Yadav,End Lead,NO,NO
SathishKumar,vlrgdjogs@gmgil.com,9843219218,Lucknow,Investment Leads,Ritik Yadav,Active lead,NO,NO
Bc C Nath,ggulgnngtg1983@gmgil.com,7982292242,Tamilnadu,Investment Leads,Abhijeet Bramhane,Hot lead,YES,Coverted
Neha Kumari,neguk3011@gmgil.com,7299972399,Madhya Pradesh,Investment Leads,Akash Sharma,Active lead,NO,NO
Mohammed Imran,imrgn.immu688@gmgil.com,9932228741,Hydrabad,Investment Leads,Suryakant Choudhary,End Lead,NO,NO
Saket Gupta,sgketvss@gmgil.com,9412423299,Madhya Pradesh,Investment Leads,Sushant Nikam,Active lead,NO,NO
Akshaykumar N,gksggykumgrkn4@gmgil.com,9229427729,Tamilnadu,Investment Leads,Azimuddin Mohd,Hot lead,YES,Coverted
Raju Awchar,rgjugwcggr75@gmgil.com,8412992978,Kashmir,Investment Leads,Tamanna Sahu,End Lead,NO,NO
Soham pardeshi,pgrdesgi222@gmgil.com,8434222272,Navi Mumbai,whatsapp,Ronak Jadhav,Active lead,NO,YES
Ameya R,rgmeyg2323@gmgil.com,8779232772,Navi Mumbai,whatsapp,Deepali Kasatwar,Active lead,NO,NO
Dhiraj Naik,ngikedgirgj56@gmgil.com,9121234442,Navi Mumbai,whatsapp,Roshan Patil,Hot lead,NO,YES
Ramanbhai Parmar,rmpgrmgr6459@gmgil.com,9974791131,Vadodara,Google Ad,Ronak Jadhav,End Lead,NO,NO
Eidi Majid,sgeikgmgjid28@gmgil.com,8822984273,Srinagar,Google Ad,Deepali Kasatwar,End Lead,NO,NO
Shajahana Begum,mgggtmg@mysmgrtgpp.co.in,7799929494,Hyderabad,Google Ad,Roshan Patil,End Lead,NO,NO
Santosh Gavade,sgntuggvgde@gmgil.com,9829712922,nipani,Google Ad,Kiran Dhakal,Active lead,NO,NO
Hemant Jain,gemgnt.jgin301091@gmgil.com,9329992419,Sheopur,Google Ad,Pooja Melwani,End Lead,NO,NO
Ritesh Hirwani,ritesggirwgni123@gmgil.com,9839249311,Gorakhpur,Google Ad,Manisha Parte,End Lead,NO,NO
Ravi Kumar,gvgntikgenterprises4@gmgil.com,9944999292,Orai,Google Ad,Anchal Mishra,Active lead,NO,NO
Durgaprasad Koppanathi,prgsgd3226@gmgil.com,9792821224,VIJAYAWADA,Google Ad,Nilesh Shinde,End Lead,NO,NO
Suryakant Bonde,surygkgntg@mgil.com,9723829232,Nagpur,FB,Deepali Yadav,Hot lead,NO,NO
Rohit Singhal,rogitsingggl1997@gmgil.com,9289212821,Bharatpur,FB,Ritik Yadav,Hot lead,NO,NO
Joseph Vaidhyan,vgidgygnjosepg@gmgil.com,9442979321,Chennai,FB,Abhijeet Bramhane,Active lead,NO,NO
A K Nayak,gkngygk0604@gmgil.com,8229422219,Bhadrak,FB,Akash Sharma,Active lead,NO,NO
Sachchidanand Pandey,sgcgcgipgndey1984@gmgil.com,1292938938,Dubai,FB,Suryakant Choudhary,End Lead,NO,NO
Subhadip Parua,suvgdippgrug1999@gmgil.com,7998992224,Haldia,FB,Sushant Nikam,End Lead,NO,NO
Shiva Kumara,sgivgkumgrgkumgrg145@gmgil.com,9282171938,Madhya Pradesh,FB,Azimuddin Mohd,Active lead,NO,NO
Bani Raza,ggnirgzg@gmgil.com,9917129998,Ramnagar,FB,Tamanna Sahu,End Lead,NO,NO
Danny Sindhu,dgnnysindgu9@gmgil.com,7982322223,Itanagar,FB,Rohit Sonar,End Lead,NO,NO
Mc Lmualchin,lmuglcgin7@gmgil.com,8974994194,aizawl,Insta,Ronak Jadhav,Hot lead,NO,NO
Dipak Dhage,dipgkdggge555@gmgil.com,8298927728,Shrigonda,Insta,Deepali Kasatwar,End Lead,NO,NO
Ather Sultaan,gtger.sultggn@gmgil.com,9422177998,Parbhani,Insta,Roshan Patil,Active lead,NO,NO
Rashid Pahalvi,rgsgidpggloo@yggoo.co.ln,9792128242,Srinagar,Insta,Kiran Dhakal,End Lead,NO,NO
Ramesh Jagtap,rgmesgjggtgp24366@gmgil.com,8198999992,mumbai,Insta,Pooja Melwani,Active lead,NO,NO
Mg Devoraj Taid,www.devorgjtgid@gmgil.com,9797223322,Lakhimpur,Insta,Manisha Parte,Active lead,NO,NO
Bhism Pal,ggismpgl@gmgil.com,8398974427,Rewari,Insta,Anchal Mishra,End Lead,NO,NO
Hemant Meghwal,gmeggwgl1990@gmgil.com,9929222729,Kota,Insta,Nilesh Shinde,Hot lead,NO,NO
Sachin Joshi,sgcginjosgi89@gmgil.com,8928287999,Nagpur,Investment Leads,Deepali Yadav,Hot lead,YES,Coverted
Manish Mattoo,mgnisg.23885@gmgil.com,9918242999,Kolkata,Investment Leads,Ritik Yadav,End Lead,NO,NO
Payal Lalwani,Clotgecgfe@gmgil.com,9822929922,Surat,Investment Leads,Abhijeet Bramhane,Hot lead,NO,NO
Saswat Priyabrat,sgswgtcvrce322@gmgil.com,9777279942,Nagpur,Investment Leads,Akash Sharma,End Lead,NO,NO
Vaibhav Lohagaonkar,Vgigggv.loggggonkgr@lgnxess.com,7798228919,Palghar,Investment Leads,Suryakant Choudhary,Hot lead,NO,NO
Dhananjay Kumar,dggngnjgygggi93@gmgil.com,9122222122,lucknow,Investment Leads,Sushant Nikam,End Lead,NO,NO
Sade Arun Kumar,grunrgm336@gmgil.com,9822922332,Madhya Pradesh,Investment Leads,Azimuddin Mohd,End Lead,NO,NO
Harshal Patil,gp44@gmgil.com,7228229849,Navi Mumbai,whatsapp,Tamanna Sahu,Active lead,NO,NO
Naimish sawant,ngimisg333@gmgil.com,8472932322,Solapur,whatsapp,Rohit Sonar,Active lead,NO,NO
Namdev kadam,ngmgdev678@gmgil.com,9889372729,Nagpur,whatsapp,Manisha Parte,End Lead,NO,NO
Mahesh rana,rgngmggesg45@gmgil.com,7998249924,Kerla,Calling,Anchal Mishra,End Lead,NO,NO
Kalpesh patil,pgtilkglpesg678@gmgil.com,9372212497,Mumbai,Calling,Nilesh Shinde,Active lead,NO,NO
Sandeep rawat,rgwgt543@gmgil.com,9923273992,Mumbai,Calling,Deepali Yadav,Active lead,NO,NO
Pradeep Sansam,prgdeepsgnsgm1415@gmgil.com,8229142992,Salem,Google Ad,Ronak Jadhav,End Lead,NO,NO
Ashutosh Bisi,gsgutosg.gisi99@gmgil.com,7977832133,Rourkera,Google Ad,Deepali Kasatwar,Active lead,NO,NO
Prithrviraj,pritgvi.rgj.945093@gmgil.com,9429939292,Hardoi,Google Ad,Roshan Patil,End Lead,NO,NO
PRAVIN KUMAR,prgvinkumgr.mf@gmgil.com,8192923721,chapra,Google Ad,Kiran Dhakal,End Lead,NO,NO
pradeep bhoir,prggoi12@gmgil.com,9228928294,Rayagada,Google Ad,Pooja Melwani,End Lead,NO,NO
Mon Milon Taye,monmilontgye4@gmgil.com,8729991299,Sivasagar,Google Ad,Manisha Parte,End Lead,NO,NO
GUL MOHOR,tecgnosglespune@gmgil.com,9822942942,PUNE,Google Ad,Anchal Mishra,Hot lead,NO,NO
Anil Bundela,gnilgundelggg@yggoo.com,9993729197,Indore,Google Ad,Nilesh Shinde,Active lead,NO,NO
AkashMishra,Ng,9972229742,Lucknow,whatsapp,Deepali Yadav,Active lead,NO,NO
Yash Jadhav,Ng,8892917899,Mangoav,whatsapp,Ritik Yadav,End Lead,NO,NO
Umesh Yadhav,Ng,7998819732,Madhya Pradesh,whatsapp,Abhijeet Bramhane,End Lead,NO,NO
Kiran ,Ng,7494492798,Navi Mumbai,whatsapp,Akash Sharma,Active lead,NO,NO
Sumeet,Ng,8898992222,Navi Mumbai,whatsapp,Suryakant Choudhary,End Lead,NO,NO
Arghya Chatterjee,grggygc88@gmgil.com,9899299928,Kolkatta,Google Ad,Sushant Nikam,Hot lead,NO,YES
Subhajit patra,durggsgnkgrpgtrg62@gmgil.com,9279799222,Solapur,Google Ad,Azimuddin Mohd,End Lead,NO,NO
Manisha Purohit,purogit.mgnisgg3@gmgil.com,9121239229,Surat,Google Ad,Tamanna Sahu,Hot lead,NO,NO
Nagajan Odedara,ngggjgnodedrg@gmgil.com,9898294281,Kashmir,Google Ad,Rohit Sonar,End Lead,NO,NO
Kuldeep Pandey,kuldeep.pgndey04@gmgil.com,9422911148,Bhind Madhya Pradesh,FB,Ronak Jadhav,Active lead,NO,NO
Ehteshamul Haq Siddiqui,siddiqui.egs@gmgil.com,9149188227,Bahraich,FB,Deepali Kasatwar,End Lead,NO,NO
Ramesh Chary,Rgmgcrgy@gmgil.com,9932222129,Hyderabad,FB,Roshan Patil,End Lead,NO,NO
Anand Kumar,gngndgunty2375@gmgil.com,9832129782,Ranchi,FB,Kiran Dhakal,Hot lead,NO,NO
Krishna Gopal Patidar,pgtidgr.krisgnggopgl869@gmgil.com,9424212482,Indore,FB,Pooja Melwani,Active lead,NO,NO
sushma kumari,susgmgrgy0@gmgil.com,8349229999,Pune,FB,Manisha Parte,Hot lead,NO,NO
Ht Deepu Poswal,deepgrgm271996@gmgil.com,9249778422,Nawa,FB,Anchal Mishra,End Lead,NO,NO
Vivek Bhoj,viveksggoj@gmgil.com,9842122922,Belgaum,Insta,Nilesh Shinde,End Lead,NO,NO
Manihrii Ememei,mgnigrii82@gmgil.com,9891181722,Imphal,Insta,Deepali Yadav,End Lead,NO,NO
Subhas Biswas,tosugggsgiswgs15@gmgil.com,9432329273,Chandannagar,Insta,Ritik Yadav,Active lead,NO,NO
Raj Irani,rgjirgni0381@gmgil.com,18973422924,Ranebennur,Insta,Abhijeet Bramhane,End Lead,NO,NO
Nurul Alam,ng8139371@gmgil.com,9874922914,Raiganj,Insta,Akash Sharma,Active lead,NO,NO
Abdul Bari,ggdu_kfw@yggoo.com,7978344122,Phulbani,Insta,Suryakant Choudhary,Active lead,NO,NO
Pritam Hansraj,pritgmggnsrgj5@gmgil.com,9471921819,patna,Insta,Sushant Nikam,Hot lead,YES,Coverted
Sancha Hang limboo,Sgn7076655315@gmgil.com,8983477222,Mumbai,Insta,Azimuddin Mohd,Active lead,NO,NO
Madyan Abhi,Ng,9729292998,Surat,PZ VIP,Tamanna Sahu,Hot lead,YES,Coverted
imran Mohammad,mogd.imrgn001122@gmgil.com,9222312199,Hydrabad,Investment Leads,Rohit Sonar,End Lead,NO,NO
Atish Kumar,gtisgkumgrsglujg@gmgil.com,8983783221,Madhya Pradesh,Investment Leads,Ronak Jadhav,Active lead,NO,NO
Saurabh Thakkar,sgurgggtggkkgr860@gmgil.com,9822998299,mumbai,Investment Leads,Deepali Kasatwar,Active lead,NO,NO
Abdul Aseeb,krsgmju@gmgil.com,9782888899,Surat,Investment Leads,Roshan Patil,Hot lead,YES,Coverted
Het Patel,get71193.gp@gmgil.com,9933297734,Nagpur,Investment Leads,Kiran Dhakal,End Lead,NO,NO
Vinod Shelke,vinodssgelke@yggoo.com,9992272321,Solapur,Investment Leads,Pooja Melwani,Hot lead,NO,NO
Mohit Gilhotra,mogitgilgotrgece@gmgil.com,9729774172,kolkatta,Investment Leads,Manisha Parte,Active lead,NO,NO
Swanand Chitnis,swgngndcgitnis@gmgil.com,8272328392,Kashmir,Investment Leads,Anchal Mishra,End Lead,NO,NO
Ramraj,gkmultilinks@gmgil.com,7299819933,Nagpur,Investment Leads,Nilesh Shinde,End Lead,NO,NO
SUNIL KUMAR RAWAT,visgglsggkti1979@gmgil.com,7991727282,Raniganj,PZ VIP,Deepali Yadav,End Lead,NO,NO
Aviral,gsgutosgkgpoor25@gmgil.com,7997978981,Kanpur Nagar,PZ VIP,Ritik Yadav,End Lead,NO,NO
Icon Boy Di,dipgn682@gmgil.com,9822724874,Belonia,Google Ad,Abhijeet Bramhane,End Lead,NO,NO
Prasant Kumar Roy,prgsgnt.kr.roy@gmgil.com,9932422424,Asansol,Google Ad,Akash Sharma,End Lead,NO,NO
Sâñâñ Afäñdï,sgngngfgndi@gmgil.com,7321322782,Bachhraon,Google Ad,Suryakant Choudhary,Active lead,NO,NO
Kishore Chandra Bal,gglkisgore1971@gmgil.com,9348324922,Bhadrak,Google Ad,Sushant Nikam,End Lead,NO,NO
Sunny Sapre,sunilsgpre09@gmgil.com,7772822283,Bemetara,Google Ad,Azimuddin Mohd,Active lead,NO,NO
Ranvijay Singh,vijgys091@gmgil.com,9721977927,Mathura,Google Ad,Tamanna Sahu,Active lead,NO,NO
Panneer Selvam,mgllgnselvgm@gmgil.com,9443499992,Dharapuram,Google Ad,Rohit Sonar,End Lead,NO,NO
Ravendra Kumar Patel,pgtelrgvendrg8@gmgil.com,8878892999,Indore,Google Ad,Ronak Jadhav,Active lead,NO,NO
Bhavesh ,gg321@gmgil.com,9972292234,mumbai,Calling,Deepali Kasatwar,Active lead,NO,NO
Dipesh kadam,dipesg786@gmgil.com,9972774828,Agra,Calling,Roshan Patil,End Lead,NO,NO
Soham,ss456@gmgil.com,9991911287,Agra,Calling,Kiran Dhakal,Hot lead,NO,NO
Resham singh maan,resggmmggn21@gmgil.com,9789212221,bithnda,FB,Pooja Melwani,End Lead,NO,NO
Swapnajit Mishra,misgrg9990180027@gmgil.com,9772727727,cuttack,FB,Manisha Parte,End Lead,NO,NO
Wasfia Ahmad,wgsfig.ggmgd@yggoo.com,9932492217,Lucknow,FB,Anchal Mishra,Active lead,NO,NO
Kumar Kl,klkumgr.kl3@gmgil.com,9229998292,Chennai,FB,Nilesh Shinde,Active lead,NO,NO
Gautam Lama,pgkgringgutgm49@gmgil.com,9732993349,ALIPURDUAR,FB,Deepali Yadav,Active lead,NO,NO
Shridhar Dasari,sgridggr273@gmgil.com,9731999249,Dharwad,FB,Ritik Yadav,End Lead,NO,NO
Arpita Karforma,gggykgrformg1970@gmgil.com,9432492217,Kolkata,FB,Abhijeet Bramhane,End Lead,NO,NO
Tarachand Meena,kisgncinemg@gmgil.com,9829171789,jahazpur,FB,Akash Sharma,Active lead,NO,NO
Prashant Sharma,mgst_rggoo@yggoo.co.in,9242237278,Amritsar,FB,Suryakant Choudhary,End Lead,NO,NO
Dipak Raut,drgut6199@gmgil.com,9937222299,Puri,Insta,Sushant Nikam,End Lead,NO,NO
Abdul Rasheed Basudeen,ggsudeen@yggoo.com,92999 33333,Chennai,Insta,Azimuddin Mohd,End Lead,NO,NO
Palash Maity,mpglgsg307@gmgil.com,7783994882,Muzaffarpur,Insta,Tamanna Sahu,Active lead,NO,NO
Bhanuprashant Salam,gggnupsglgm@gmgil.com,9291927312,Kanker,Insta,Rohit Sonar,End Lead,NO,NO
Rabiul Islam,rggiuli749@gmgil.com,8237888292,English Bazar,Insta,Ronak Jadhav,Active lead,NO,NO
Binu K,ginunm00@gmgil.com,9892981342,palakkad,Insta,Deepali Kasatwar,End Lead,NO,NO
Manish Thummar,tgummgrmgnisg36@gmgil.com,9714271111,Surat,Insta,Roshan Patil,Hot lead,NO,YES
Subha Halder,meetsggeg@gmgil.com,8921478798,Kachrapara,Insta,Kiran Dhakal,Active lead,NO,NO
Sahithi,sggitgidgkgmgrri0104@gmgil.com,9119729943,Surat,Google Ad,Pooja Melwani,Hot lead,NO,NO
Manjunatha Naik,mgnjungtgg.r.ngik23@gmgil.com,9211177712,Navi Mumbai,Google Ad,Manisha Parte,Active lead,NO,NO
sourabh sankapal,sourgggsgnkgpgl@gmgil.com,9122929292,Solapur,Google Ad,Anchal Mishra,Hot lead,NO,NO
Ali Khan,glikggn.kggn020@gmgil.com,9412498372,Hydrabad,Google Ad,Nilesh Shinde,End Lead,NO,NO
Amalendu Dash,dgsggmglendu@gmgil.com,9337122119,Hydrabad,Investment Leads,Deepali Yadav,End Lead,NO,NO
Mayur Maheshwari,mgyur_gisggni@yggoo.com,9284999232,nagpur,Investment Leads,Ritik Yadav,Hot lead,NO,NO
Jadeja Ajaysinh,gjuggg21@gmgil.com,9274793233,surat,Investment Leads,Abhijeet Bramhane,Hot lead,NO,YES
0-pradeep-0,prgdipg588@gmgil.com,9112977297,mumbai,Investment Leads,Akash Sharma,Active lead,NO,NO
Viswas Narayana,visgvgsngrgygng5@gmgil.com,9222282792,nashik,Investment Leads,Suryakant Choudhary,End Lead,NO,NO
Bhalchandra Tambekar,ggglcggndrgtgmgekgr@gmgil.com,9899472974,hydrabad,Investment Leads,Sushant Nikam,End Lead,NO,NO
Samsad khan,sgmeersgm5406@gmgil.com,9822221822,Hydrabad,Investment Leads,Azimuddin Mohd,End Lead,NO,NO
Akbar Sherasiya,sgergsiyggkggr007@gmgil.com,9999121279,hydrabad,Investment Leads,Tamanna Sahu,Active lead,NO,NO
amitchavan4555@gmail.com,cggvgn2gmit@rediffmgil.com,7799932299,solapur,Investment Leads,Rohit Sonar,Hot lead,NO,NO
Iqbal Maddan,gillsingg548@gmgil.com,18292828293,New Delhi,Insta,Ronak Jadhav,Active lead,NO,NO
Hemamalini,ggemgdggsgi@gmgil.com,9849818912,Chennai,Insta,Deepali Kasatwar,Active lead,NO,NO
Sahil Panjeta,Sggilpgnjetg7050@gmgil.com,9412322893,Kurukshetra,Insta,Roshan Patil,End Lead,NO,NO
Jayaraj GJ,gjgygrgj94@gmgil.com,9842482323,Tiruchirappalli,Insta,Kiran Dhakal,End Lead,NO,NO
Pritam Patra,pritgmpgtrg9126@gmgil.com,7279832221,Haldia,Insta,Pooja Melwani,End Lead,NO,NO
Archana Chavan,megrcggngcggvgn@gmgil.com,7977922222,Parli Vaijnath,Insta,Manisha Parte,End Lead,NO,NO
Rajkumar Kanara,rgjkumgrkgngrg@gmgil.com,9291897449,Gandhinagar,Insta,Anchal Mishra,End Lead,NO,NO
Shweta,desgmukgsgwetg1998@gmgil.com,9273494399,Nashik,Insta,Nilesh Shinde,End Lead,NO,NO
Rajesh,Ng,9729229991,Surat,whatsapp,Deepali Yadav,Hot lead,NO,YES
Mahesh,Ng,9289924922,Navi Mumbai,whatsapp,Ritik Yadav,Active lead,NO,NO
Kailash,Ng,7291874992,Mumbai,whatsapp,Abhijeet Bramhane,Active lead,NO,NO
Mangesh,Ng,9722779213,Tamilnadu,Calling,Akash Sharma,End Lead,NO,NO
Swayam,Ng,8839782332,Nagpur,Calling,Suryakant Choudhary,End Lead,NO,NO
Rajesh Kumar,rgjesgkr.ggn@gmgil.com,9422241799,MIRZAPUR (UP),PZ VIP,Sushant Nikam,End Lead,NO,NO
DR. ARUN MONY,grunmonyngntgikgttu@gmgil.com,9273291498,PRODDATUR,PZ VIP,Azimuddin Mohd,End Lead,NO,NO
Sourav ROY,roysourgv385@gmgil.com,7998922942,Kolkatta,Investment Leads,Tamanna Sahu,End Lead,NO,NO
Ajay Tanti,tgnti.gjgy10@gmgil.com,9924393224,Mumbai,Investment Leads,Rohit Sonar,Hot lead,NO,YES
Mohammad Umar Nishad Khan,Umgrnisggdkggn20@gmgil.com,8982224179,Mumbai,Investment Leads,Ronak Jadhav,Active lead,NO,NO
Sanjeev Kumar Jha,jggsgnjeev792@gmgil.com,7879238882,Nagpur,Investment Leads,Deepali Kasatwar,Active lead,NO,NO
AnarDeen Agriculture,kgokggrgngr@gmgil.com,7727849497,nashik,Investment Leads,Roshan Patil,End Lead,NO,NO
Manjunath B Kulkarni,kulkgrni4243@gmgil.com,9999792389,Solapur,Investment Leads,Kiran Dhakal,Active lead,NO,NO
Ashok Gowda P,gsg.pkrs@gmgil.com,8722299947,Kerla,Investment Leads,Pooja Melwani,End Lead,NO,NO
Shashank Gowda,sggsggnk_sk12@yggoo.co.in,9141333222,Bangalore,FB,Manisha Parte,End Lead,NO,NO
Jelsad Hoque,rgjusk9733525775@gmgil.com,9733222772,Murshidabad,FB,Anchal Mishra,End Lead,NO,NO
Pekken Basar,kenterggsgr@gmgil.com,8974293772,Basar,FB,Nilesh Shinde,End Lead,NO,NO
Ranjit Singh Jhala,rgnjitjgglg1983@gmgil.com,9292219292,Bari Sadri,FB,Deepali Yadav,End Lead,NO,NO
Ram Krishnan,rgmgkrisgng.smt03@gmgil.com,9842792229,Sathyamangalam,FB,Ritik Yadav,End Lead,NO,NO
Sandeep Bansal,sgndeep_gg@yggoo.com,1722211244,Patiala,FB,Abhijeet Bramhane,End Lead,NO,NO
Sanjeev Kumar,sgnjeev.y2013@gmgil.com,9431893229,Purnea and Madhepura,FB,Akash Sharma,End Lead,NO,NO
Ravita Rathee,rgvitgrgtgee@yggoo.co.in,9818187982,Gurugram,FB,Suryakant Choudhary,End Lead,NO,NO
Rakesh Kicholiya,r_kicgoliyg@rediff.com,9822277121,Dewas,FB,Sushant Nikam,End Lead,NO,NO
Robert Tlau,rogerttlgu14@gmgil.com,9774481292,Aizawl,Google Ad,Azimuddin Mohd,End Lead,NO,NO
Sahajan Khan,ggggjgnk@gmgil.com,9132418213,Kolkata,Google Ad,Tamanna Sahu,Active lead,NO,NO
Rubul Manki,rugulmgnkey@gmgil.com,9191132242,Biswanath Chariali,Google Ad,Rohit Sonar,End Lead,NO,NO
Nitesh Kaushik,nitesgkgusgik1983@gmgil.com,7489798232,Akaltara,Google Ad,Anchal Mishra,Active lead,NO,NO
Ravi Kant Verma,rgvikgnt97222@gmgil.com,9917879928,Firozabad,Google Ad,Nilesh Shinde,End Lead,NO,NO
Ankur Prajapati,gp589193@gmgil.com,9928199429,Pilibhit,Google Ad,Deepali Yadav,Active lead,NO,NO
Babin Das,dgsgggin74@gmgil.com,9993331929,Hooghly,Google Ad,Ritik Yadav,Active lead,NO,NO
Phillip Lall Masih,gmgglgmercygome@gmgil.com,9892227122,Ambala Cantt,Google Ad,Abhijeet Bramhane,Active lead,NO,NO
Rajesh Nasare,rgjesgngsgre@gmgil.com,9829721239,Nagpur,Google Ad,Akash Sharma,End Lead,NO,NO
Prakash Basle,mvprgkgsg1959@gmgil.com,9842729824,Mysore,FB,Senthil Nadar,Active lead,NO,NO
Rajendra Kumar Sharma,engineersgroup1989@gmgil.com,9412911477,Lucknow,FB,Ronak Jadhav,Active lead,NO,NO
Smith Gu,smitggu12345@gmgil.com,12238974298,muvatupuzha,FB,Deepali Kasatwar,End Lead,NO,NO
Sai Ganesh,sgiggnesg7sgi@gmgil.com,9922271474,Visakhapatnam,FB,Roshan Patil,End Lead,NO,NO
Sachin Deshmukh,ssd693@gmgil.com,7499282392,Akola,FB,Kiran Dhakal,End Lead,NO,NO
Anand Kumar Suryanarayanan,gngnd75prgju@gmgil.com,9442833473,Coimbatore,FB,Pooja Melwani,End Lead,NO,NO
Shubham,tilesgugggm007@gmgil.com,9972129227,Nashik,FB,Manisha Parte,End Lead,NO,NO
Sridhar Gajoju,sridggr.ggjoji@icloud.com,9392241818,Jagtial,Google Ad,Anchal Mishra,End Lead,NO,NO
Ramanji,rgmgnjitgungg143@gmgil.com,2392234491,Andhrapradesh,Google Ad,Nilesh Shinde,Active lead,NO,NO
James Kangujam,kgngujgmjgmes1981@gmgil.com,8131823994,Imphal,Google Ad,Deepali Yadav,End Lead,NO,NO
Rooptinder Kaur,roop.kgur81@yggoo.com,8234918293,Kashipur,Google Ad,Ritik Yadav,Active lead,NO,NO
Mahadeva S K,Mgggdevgsk5094@gmgil.com,7219327912,Mysore,Google Ad,Abhijeet Bramhane,Active lead,NO,NO
Mohan Gupta,guptgmgggn1998@gmgil.com,7297178272,Lucknow,Investment Leads,Akash Sharma,End Lead,NO,NO
Huligemma Bidarkundi Bidarkundi,gidurkundi1997119@gmgil.com,7223994421,Tamilnadu,Investment Leads,Suryakant Choudhary,Active lead,NO,NO
Dikshant Gupta,diksggntguptg24@gmgil.com,9912912929,Madhya Pradesh,Investment Leads,Sushant Nikam,End Lead,NO,NO
Mayank,cg.mgygnk.ggrgwgl847@gmgil.com,9237197847,mumbai,Investment Leads,Azimuddin Mohd,Active lead,NO,NO
sasmita dungdung,jogndmg@rediffmgil.com,9937322942,Kerla,Investment Leads,Tamanna Sahu,End Lead,NO,NO
Dilip Kumar,rdk.dilip89@gmgil.com,9787191718,Lucknow,Investment Leads,Rohit Sonar,End Lead,NO,NO
Pratik kumar,Ng,8882129172,Lucknow,whatsapp,Ronak Jadhav,End Lead,NO,NO
Bhavesh,Ng,9994384312,Surat,whatsapp,Deepali Kasatwar,Hot lead,NO,YES
Thakur,Ng,8429922489,Rajeshthan,whatsapp,Roshan Patil,Active lead,NO,NO
Santosh ,Ng,9834322939,Navi Mumbai,whatsapp,Kiran Dhakal,Active lead,NO,NO
Dileep kumar,vermg.dileep7@gmgil.com,8349288291,lucknow,PZ VIP,Pooja Melwani,Active lead,NO,NO
Alliraj. R,gllirgjrg@gmgil.com,9994882993,Avinashi 641654,PZ VIP,Manisha Parte,End Lead,NO,NO
Namdev Labade patil,lgggdepgtil54@gmgil.com,7927132391,Aurangabad,Insta,Anchal Mishra,End Lead,NO,NO
R C Ponraj,cginngsgmyponrgj@gmgil.com,7373348321,covai,Insta,Nilesh Shinde,End Lead,NO,NO
Piyush karamchandani,Piyusgkgrmcggndgni@gmgil.com,7379983711,Gorakhpur,Insta,Deepali Yadav,End Lead,NO,NO
Dr Ahamed Nabeel,drgggmednggeel1996@gmgil.com,8299182224,Kollam,Insta,Ritik Yadav,End Lead,NO,NO
Stanley Sahaya Raja,stgnleysrgj@gmgil.com,9941372181,Chennai,Insta,Abhijeet Bramhane,End Lead,NO,NO
alliraj.r,gllirgj@gmgil.comff,9799378999,coimbatore,Insta,Akash Sharma,End Lead,NO,NO
Sanjay Kumar Srivastava,skumgrsrivgstgvg581@gmgil.com,9431438242,ara,Insta,Suryakant Choudhary,End Lead,NO,NO
Ramasamy Karuppannasamy,rksdevg@gmgil.com,9299314229,Salem,Insta,Sushant Nikam,End Lead,NO,NO
Gnanakumaran Sivagnanam,gngnkumgrgn@gmgil.com,9989222942,Tiruchirappalli,Insta,Azimuddin Mohd,End Lead,NO,NO
Anos Gninof,fonings@yggoo.com,9839973478,Siliguri,Insta,Tamanna Sahu,End Lead,NO,NO
Kalpana,Ng,2247272882,Mumbai,Investment Leads,Ronak Jadhav,Hot lead,YES,Coverted
  ,sgridggrggndgrgoti@gmgil.com,9998239818,bijapur near,Google Ad,Deepali Kasatwar,End Lead,NO,NO
Shashi Kumar Varma,sggsgivgrmg90@gmgil.com,7982112498,Noida,Google Ad,Azimuddin Mohd,Active lead,NO,NO
balraj gill,ggvl23@gmgil.com,9422148223,Kaithal,Google Ad,Roshan Patil,End Lead,NO,NO
Ankush Sood,gks21117@gmgil.com,9732112921,Shimla,Google Ad,Pooja Melwani,End Lead,NO,NO
Lokendra Singh Jadoun,slokendrg998@gmgil.com,9979812883,Jaipur,Insta,Anchal Mishra,End Lead,NO,NO
Dheeraj Singh,ds462244@gmgil.com,8799292212,patna,Insta,Nilesh Shinde,End Lead,NO,NO
Trivendra Maravi,trivendrgmgrgvi01@gmgil.com,7949399119,Mandla,Insta,Ronak Jadhav,End Lead,NO,NO
Pulkit Banka,pulkit.loveislife@gmgil.com,9792232272,Guntur,Insta,Deepali Kasatwar,End Lead,NO,NO
Aditya Nag Aditya Nag,gditygngg029@gmgil.com,8228911222,Rayagada,Insta,Abhijeet Bramhane,End Lead,NO,NO
Rakesh Sharma,ggrdgyg2011@gmgil.com,9429392871,Jammu,Insta,Deepali Kasatwar,End Lead,NO,NO
देवेन्द्र शर्मा,dewoovgn@gmgil.com,9228998899,Vrindaban,Insta,Sushant Nikam,End Lead,NO,NO
Prem Kumar,vintgg345@gmgil.com,9443449834,vellore,Insta,Tamanna Sahu,End Lead,NO,NO
Wasim Afzal,wgsimgfzglgdv@gmgil.com,7889271994,Srinagar,Insta,Roshan Patil,End Lead,NO,NO
Mahaveer Shekhawat,mgggveersgekggwgt@yggoo.com,9292228317,Jaipur,Insta,Sushant Nikam,End Lead,NO,NO
Raghunath Swain,swginrgggungtg0@gmgil.com,8289122199,Berhampur,Insta,Tamanna Sahu,End Lead,NO,NO
Krishna Krish,krisgngmurtgyst2015@gmgil.com,9113827297,Chitradurga,FB,Deepali Kasatwar,End Lead,NO,NO
Rahul Srivastav,rgguldotgmity@gmgil.com,9422497419,Bareilly,FB,Tamanna Sahu,End Lead,NO,NO
Ravindrasingh Gaud,rgvindrgsingg.dspjeevgn@gmgil.com,9822292722,Pune,FB,Sushant Nikam,End Lead,NO,NO
Bibhuti Naik,g25786ngik@gmgil.com,9439929211,Bolangir,FB,Azimuddin Mohd,End Lead,NO,NO
Manojpatra,pgtrg.mongj80@gmgil.com,8237292187,Baner,FB,Azimuddin Mohd,End Lead,NO,NO
Vijay Haribhau.mankar,vijgykumgrmgnkgr117@gmgil.com,9294318442,Akola maharashtra,FB,Azimuddin Mohd,End Lead,NO,NO
Bajrang Lal Saini,ggjrgngsgini01@gmgil.com,7972429912,Ramganjmandi,FB,Azimuddin Mohd,End Lead,NO,NO
Rashid Alam,rgsgidglgm642@gmgil.com,7222822299,Bhagalpur,FB,Sushant Nikam,End Lead,NO,NO
Tukaram Bhagwan Kendre,tgkendre@gmgil.com,8892147233,kandhar,FB,Pooja Melwani,End Lead,NO,NO
Manjula Sasilekha,smgnjulg444@gmgil.com,9448322823,Bangalore,FB,Pooja Melwani,End Lead,NO,NO
Shrikant S Kamat,sgrikgnt.kgmgt21@gmgil.com,7983322712,KOLHAPUR,PZ VIP,Anchal Mishra,Active lead,NO,NO
Abhay Suryavanshi,mr.ggggysurygwgnsgi@gmgil.com,9829392979,Chalisgaon,PZ VIP,Anchal Mishra,Active lead,NO,NO
Kalyani,Ng,8239344141,Tamilnadu,whatsapp,Abhijeet Bramhane,Active lead,NO,NO
Krish,Ng,9412932888,Navi Mumbai,whatsapp,Abhijeet Bramhane,Active lead,NO,NO
Ekansh,Ng,8899843913,Mumbai,whatsapp,Nilesh Shinde,Active lead,NO,NO
Dipshika,Ng,9229417138,Mumbai,whatsapp,Nilesh Shinde,Active lead,NO,NO
Balaji Sarangapani,gglgji.sgrgnggpgni@gmgil.com,9222994221,Lucknow,Investment Leads,Abhijeet Bramhane,Active lead,NO,NO
Farmers Hub,sgleemjgm1967@gmgil.com,9448482292,Mumbai,Investment Leads,Nilesh Shinde,Active lead,NO,NO
Khursed Alam,kgursed.glgmglg@gmgil.com,9212299392,Mumbai,Investment Leads,Deepali Kasatwar,Active lead,NO,NO
Inderjeet Khatuwas Ijy,ijygdgv.ygdgv@gmgil.com,9288927982,Tamilnadu,Investment Leads,Sushant Nikam,Active lead,NO,NO
Ashish,gsgisgdgmmgni14@gmgil.com,8229948232,Navi Mumbai,Investment Leads,Ronak Jadhav,Active lead,NO,NO
9255415558,megtgdeepgk5761@gmgil.com,19222412228,Nagpur,Investment Leads,Ronak Jadhav,End Lead,NO,NO
Chetan Pawaiya,cpgwgiyg@yggoo.co.in,9922212777,Nashik,Investment Leads,Tamanna Sahu,End Lead,NO,NO
Sandeep Panigrahi,sgndeep.mgils2@gmgil.com,7978248911,Mumbai,Investment Leads,Senthil Nadar,End Lead,NO,NO
sai_pawar22,sgiprgsgdpgwgr212@gmgil.com,9294287129,Surat,Investment Leads,Ronak Jadhav,End Lead,NO,NO
Rajan,Rgjgnkgkkgr409@gmgil.com,8847383822,Surat,Investment Leads,Deepali Kasatwar,Active lead,NO,NO
Rajeev Lankapalli,rgjeevlgnkgpglli1997@gmgil.com,8919742231,Tamilnadu,Investment Leads,Roshan Patil,Active lead,NO,NO
Suryansh Pratap Singh,suryg1168@gmgil.com,9928422211,Patna,whatsapp,Kiran Dhakal,Hot lead,YES,Coverted
Shubham Singh,Sgugggmsingg333333@gmgil.com,7792294992,Agra,Investment Leads,Pooja Melwani,End Lead,NO,NO
Titiksha Govindjiwala Gupta,titiksgg0203@gmgil.com,9479927227,Nagpur,whatsapp,Manisha Parte,Hot lead,YES,Coverted
Samer D,sgmer.d657@gmgil.com,8423232921,bhubaneswar,Investment Leads,Anchal Mishra,End Lead,NO,NO
Sameer Aggarwal,gggrwgl.sgmeer86@gmgil.com,8923988872,chakur,Investment Leads,Nilesh Shinde,End Lead,NO,NO
Yuvraj,Pgtilyuvi1947@gmgil.com,8722282897,belgaum,Insta,Deepali Yadav,Hot lead,YES,Coverted
Skumar Kumar,Usg.rgj1978@yggoo.com,9931922927,mysore,Investment Leads,Ritik Yadav,End Lead,NO,NO
Sameer Khan,skggn23031999@gmgil.com,9723314179,Rourkela,Investment Leads,Abhijeet Bramhane,End Lead,NO,NO
Sumit_B,sumitgijjur16@gmgil.com,9741823124,kendrapara,Investment Leads,Akash Sharma,End Lead,NO,NO
Praveen Kumar Reddy,prgveen.reddy223@gmgil.comm,9222177924,baragur,Investment Leads,Suryakant Choudhary,End Lead,NO,NO
Saroj Kumar Mohapatra,76sgrojmoggpgtrg@gmgil.com,9439982921,Konarka,Investment Leads,Sushant Nikam,End Lead,NO,NO
Manuel Baptista,mgnuel.colggte@gmgil.com,9819292923,Bangalore,Investment Leads,Azimuddin Mohd,Active lead,NO,NO
Mike Ivan,kgndulgmicggel2@gmgil.com,7412399989,"pathri, parbhani",Investment Leads,Tamanna Sahu,End Lead,NO,NO
Satya Ranjan Rout,sgtygrgnjgnrout36@gmgil.com,9232927228,bhubaneswar,Insta,Rohit Sonar,End Lead,NO,NO
Rahul Aradwad,rggulgrgdwgd1986@gmgil.com,8999222929,chakur,Insta,Senthil Nadar,End Lead,NO,NO
Harish Sogalad,g.sogglgd@gmgil.com,9198818722,belgaum,Insta,Ronak Jadhav,Active lead,NO,NO
Javeed Ahamed,m.jgveedgggmed@yggoo.in,9291822482,mysore,Insta,Deepali Kasatwar,Active lead,NO,NO
Jyoti Prakash Pal,jyotiprgkgsgpgl6@gmgil.com,8117822921,Rourkela,Insta,Roshan Patil,End Lead,NO,NO
Hiranya Samal,sgmglgirgnyg5@gmgil.com,9911372292,kendrapara,Insta,Kiran Dhakal,End Lead,NO,NO
Sidda Lingappa,vidygsgrees2000@gmgil.com,9232292217,baragur,Insta,Pooja Melwani,End Lead,NO,NO
Surendra Sahoo,sggoosuendrg123@gmgil.com,9437327292,Konarka,Insta,Manisha Parte,End Lead,NO,NO
Pramod Kumar Pramod,gjprgmod88@gmgil.com,9282328212,Bangalore,Insta,Anchal Mishra,Active lead,NO,NO
Parkash Ujagareइ,prgkgsg.123ujgggre@gmgil.com,9222943328,"pathri, parbhani",Insta,Nilesh Shinde,End Lead,NO,NO
Shyamal Halder,sgygmgl.office@gmgil.com,9734279748,Falta,Insta,Deepali Yadav,End Lead,NO,NO
Mohammed Thakiuddeen,Tggkkimittur@gmgil.com,9741497124,Puttur,Insta,Ritik Yadav,End Lead,NO,NO
Rahul Prabhakar Badgujar,rggulggdgujgr77@gmgil.com,9823292417,Boradi,Google Ad,Abhijeet Bramhane,End Lead,NO,NO
Prashanth Telsang,prgsggnttelsgng12@gmil.com,9489787928,Athani,Google Ad,Akash Sharma,End Lead,NO,NO
Chetan Patil,pgtilcr26@gmgil.com,8398242399,Jalgaon,Google Ad,Suryakant Choudhary,End Lead,NO,NO
niraj,nirgjcgoudggry025@gmgil.com,9229298799,Ajmer,Google Ad,Sushant Nikam,End Lead,NO,NO
Shrinath Shriya,sreengtgdnsgriyg@gmgil.com,7272224742,Hassan,Google Ad,Azimuddin Mohd,End Lead,NO,NO
Annappa Choudhari,gnngppgcgoudggri@gmgil.com,7229292473,Vijayapur,Google Ad,Tamanna Sahu,End Lead,NO,NO
Rakesh Kumar,rgkesggggggg5@gmgil.com,8434324912,barbigha sheakpura (vil maldah),Google Ad,Rohit Sonar,End Lead,NO,NO
Vijay Sindara,sindgrgvijgy2611@gmgil.com,9993142211,Manawar,Google Ad,Senthil Nadar,End Lead,NO,NO
MANDLA MAWAI MP FARMER PRODUCER COMPANY LIMITED,mmmpfpo@gmgil.com,9424932232,BICHHIYA,Google Ad,Ronak Jadhav,End Lead,NO,NO
Sagar Pandey,pgndeysgggr716@gmgil.com,8149443794,Mogri,Google Ad,Deepali Kasatwar,End Lead,NO,NO
Bubhuti Tripathy,21mgmgtg@gmgil.com,9938918729,bhubaneswar,Google Ad,Roshan Patil,End Lead,NO,NO
Yogesh deharia,yogesgkumgrdeggrig@gmgil.com,9349297282,bhopal,FB,Kiran Dhakal,Active lead,NO,NO
Ashwini Mishra,misgrg.gsgwini@gmgil.com,9437129227,Bhubaneswar,FB,Pooja Melwani,Active lead,NO,NO
Rakesh Jain,jginrgkesg40@yggoo.com,9429189222,Jaipur,FB,Manisha Parte,Active lead,NO,NO
Libu Khan,ig9040@gmgil.com,8991882229,malda,FB,Anchal Mishra,Active lead,NO,NO
Babusona Mondal,mondglgggusong65@gmgil.com,7944339818,Naihati,FB,Nilesh Shinde,End Lead,NO,NO
Ansari Ali,gnsgri1844@gmgil.com,7328292994,Chennai,FB,Deepali Yadav,Active lead,NO,NO
Narsing Kunapu,ngrsi090@gmgil.com,9849422231,Srikakulam,FB,Ritik Yadav,End Lead,NO,NO
Sridhar Selvam,ssridggr625@gmgil.com,9299323992,Tirupattur,FB,Abhijeet Bramhane,Active lead,NO,NO
Panchal Anil,gnil07pgncggl@gmgil.com,9817329299,Safidon,FB,Akash Sharma,End Lead,NO,NO
Suresh Kumar,suresgpkumgr84@gmgil.com,8722949933,Jaipur,FB,Suryakant Choudhary,Hot lead,YES,Coverted
Mohanavelan,moggn.kglpgng213@GMgIL.com,9712218224,Erode,FB,Sushant Nikam,End Lead,NO,NO
Shahid Rasheed,sgggiddrs@gmgil.com,9223224232,nashik,FB,Azimuddin Mohd,Active lead,NO,NO
Sath Ish,sgtgisgpel468@gmgil.com,8897238431,Vellore,FB,Tamanna Sahu,End Lead,NO,NO
Gauri Sood Puri,gguri.sood9@gmgil.com,8894822222,Shimla,FB,Rohit Sonar,Hot lead,YES,Coverted
Vishwa Jadhav,jvisgnu908@gmgil.com,7229222992,Parbhani,FB,Senthil Nadar,End Lead,NO,NO
Siddhrath Jaiswal,sidwgl011@gmgil.com,9922923838,Navi Mumbai,PZ VIP,Ronak Jadhav,Active lead,NO,NO
Thankur Misha,Tggkkimittur@gmgil.com,7972221398,bhubaneswar,whatsapp,Deepali Kasatwar,End Lead,NO,NO
Rahul badgae,rggulggdgujgr77@gmgil.com,9972299424,chakur,whatsapp,Roshan Patil,End Lead,NO,NO
Prashant Sang,prgsggnttelsgng12@gmil.com,9324793322,belgaum,whatsapp,Kiran Dhakal,Active lead,NO,NO
Patil charu,pgtilcr26@gmgil.com,9294942899,mysore,whatsapp,Pooja Melwani,Active lead,NO,NO
Niraj cho,nirgjcgoudggry025@gmgil.com,9982287892,Rourkela,whatsapp,Manisha Parte,End Lead,NO,NO
Sreena,sreengtgdnsgriyg@gmgil.com,9791999322,kendrapara,whatsapp,Anchal Mishra,End Lead,NO,NO
Choudhari ,gnngppgcgoudggri@gmgil.com,8827927849,baragur,whatsapp,Nilesh Shinde,End Lead,NO,NO
Rakesh bhaa,rgkesggggggg5@gmgil.com,9827132949,Konarka,whatsapp,Deepali Yadav,End Lead,NO,NO
Vijay Sinda,sindgrgvijgy2611@gmgil.com,9839983997,Bangalore,whatsapp,Ritik Yadav,Hot lead,YES,Coverted
dinakar reddy k,niggmngrgygn@gmgil.com,9449492229,Chittoor,PZ VIP,Ronak Jadhav,End Lead,NO,NO
Sagar chand,Ng,9142241233,mysore,Calling,Deepali Kasatwar,Active lead,NO,NO
Sammer,Ng,9887774297,Rourkela,Calling,Roshan Patil,End Lead,NO,NO
Gaurav,Ng,9122991922,kendrapara,whatsapp,Kiran Dhakal,Active lead,NO,NO
Farham,Ng,9.73E+09,baragur,whatsapp,Pooja Melwani,Active lead,NO,NO
Danish,Ng,9242474422,Konarka,whatsapp,Manisha Parte,Active lead,NO,NO
Shaik Naseer,sggikngseer1921@gmgil.com,9882812921,Bangalore,FB,Anchal Mishra,Active lead,NO,NO
V Karuppusamy,kgruppusgmyv860@gmgil.com,9222723248,Tamilnadu,FB,Nilesh Shinde,Active lead,NO,NO
Abhisek Roy,gggisekroy161616@gmgil.com,8348324313,Berhampore,FB,Deepali Yadav,End Lead,NO,NO
Prakash Gupta,prgkgsgguptg1128@gmgil.com,9221293782,sitamarhi,FB,Ritik Yadav,End Lead,NO,NO
farhan,Sgggistggnjum74@gmgil.c,9432299992,Mumbai,FB,Abhijeet Bramhane,Hot lead,NO,YES
yesubabu katuri,kgturimgnojkumgr007@gmgil.com,9799289328,Nashik,FB,Akash Sharma,Hot lead,YES,Coverted
Santosh Sah,sggsgntosg903@gmgil.com,9924413931,Dibrugarh,FB,Suryakant Choudhary,End Lead,NO,NO
Abhay Pandey Řj,ggggypgndey632@gmgil.com,9928423222,Vaidpura Etawah,FB,Sushant Nikam,End Lead,NO,NO
zubair Raza,zuggirrgzg.c@gmgil.com,9113291248,Bangalore,FB,Azimuddin Mohd,Active lead,NO,NO
Rahul Rajput,rggul_rgjput47@yggoo.in,8429339232,Surat,FB,Tamanna Sahu,Active lead,NO,NO
Mrinmay Ghosh,mrinmgyggosg2015@gmgil.com,7292732232,Barnia,Insta,Rohit Sonar,End Lead,NO,NO
Yogesh Rahate,yogesgrgggte1431@gmgil.com,8972148998,Sengaon,Insta,Ronak Jadhav,End Lead,NO,NO
Geeta Singh,singggeetg925@gmgil.com,9282788117,Bareilly,Insta,Deepali Kasatwar,Active lead,NO,NO
Javed Hussain,jgved.fms01@gmgil.com,9421297929,Udaipur,Insta,Roshan Patil,Active lead,NO,NO
Parveen kumar,pgrveenkumgr0341986@gmgil.com,8229822312,Karnal,Insta,Kiran Dhakal,End Lead,NO,NO
Vinod Gupta,principglvinodguptg1956@gmgil.com,9223922217,Kaimganj,Insta,Pooja Melwani,End Lead,NO,NO
Khan Bashir,kggnggsgirkggn830@gmgil.com,9992998993,Sopore,Insta,Manisha Parte,End Lead,NO,NO
Hari Kumar,ggrikumgr59760@gmgil.com,9982722972,Tirupathi,Insta,Anchal Mishra,Active lead,NO,NO
Gnana Sekaran.M,sekgrgngng028@gmgil.com,8879294821,Karur,Insta,Nilesh Shinde,End Lead,NO,NO
Raghu Raghav,rgggurggggv417@gmgil.com,9449129999,Mysore,Google Ad,Deepali Yadav,Active lead,NO,NO
Pardeep Vishwakarma,pgrdeepsgivsggkti@gmgil.com,9219222321,shamli,Google Ad,Ritik Yadav,Active lead,NO,NO
Dharma,pulsgrdggrmg.66@gmgil.com,9947972727,Kanchipuram,Google Ad,Abhijeet Bramhane,End Lead,NO,NO
Karthik A,Kgrtgik.eswgr12@gmgil.com,7981283189,Kadapa,Google Ad,Akash Sharma,End Lead,NO,NO
Ekta Singh,drektg@gmgil.com,8722229291,Varanasi,Google Ad,Suryakant Choudhary,Active lead,NO,NO
Santhosh Teepireddy,teepireddy.sgntgosg@gmgil.com,9949324232,jagtial,Google Ad,Sushant Nikam,Active lead,NO,NO
Shravan Gupta,sgrgvgnguptg262@gmgil.com,9412149923,sitapur,Google Ad,Azimuddin Mohd,Active lead,NO,NO
Arun Kumar Devara,grunmglgkgr1999@gmgil.com,9227971222,Ajmer district,Google Ad,Tamanna Sahu,Active lead,NO,NO
आनंद श्रीवास्तव,gngndgul33@gmgil.com,9422947423,varanasi,Google Ad,Rohit Sonar,Active lead,NO,NO
Yash Upadhyay,ygsgupgdgygy57@gmgil.com,9313198797,shamli,Investment Leads,Ronak Jadhav,Active lead,NO,NO
Siddharth Konjengbam,sid24xspirgl@gmgil.com,8739924919,Kanchipuram,Investment Leads,Deepali Kasatwar,End Lead,NO,NO
somu,somgngtgsgtti2000@gmgil.com,7349232222,Kadapa,Investment Leads,Roshan Patil,End Lead,NO,NO
Harish Nayak,ggrisg.rgjput10@gmgil.com,9439999927,Varanasi,Investment Leads,Kiran Dhakal,Active lead,NO,NO
Narasimha Reddy,cginng.munng405@gmgil.com,9222132278,jagtial,Investment Leads,Pooja Melwani,End Lead,NO,NO
Shubam Aggarwal,suggmsuzuki@gmgil.com,9824281231,sitapur,Investment Leads,Manisha Parte,End Lead,NO,NO
Navdeep Samra,Nsgmrg83@gmgil.com,7888919372,Ajmer district,Investment Leads,Anchal Mishra,Active lead,NO,NO
Navin,Ng,7912271728,Navi Mumbai,whatsapp,Ronak Jadhav,Active lead,NO,NO
Alpesh,Ng,9829291724,Mumbai,whatsapp,Deepali Kasatwar,Active lead,NO,NO
Sanjana,Ng,8219991911,delhi,whatsapp,Roshan Patil,Active lead,NO,NO
Ashok Reddy,cggsgokreddy1988@gmgil.com,9218817137,Markapur,FB,Kiran Dhakal,End Lead,NO,NO
sarvesh Singh Sengar,royglsenggr00@gmgil.com,9794993912,Jhansi,FB,Pooja Melwani,Active lead,NO,NO
Sanjeev Verma,sgnjeev.etgwgg2@gmgil.com,9329492111,etawah,FB,Manisha Parte,End Lead,NO,NO
Ashitosh Bhosale,ggosglegsgutosg90@gimgl.com,8989721724,Satara . koregoan,FB,Anchal Mishra,End Lead,NO,NO
Piyush Kumar,piyusgkum022@gmgil.com,9227998319,Morna,FB,Nilesh Shinde,End Lead,NO,NO
harendra Singh,ggrendrg1024@gmgil.com,9772921222,bharatpur,FB,Deepali Yadav,End Lead,NO,NO
anu,gnusgiygggc@gmgil.com,9222119321,Chennai,FB,Ritik Yadav,Active lead,NO,NO
Beant Singh,ggegnt9261@gmgil.com,9417921794,FZR,Google Ad,Abhijeet Bramhane,Active lead,NO,NO
sandeep standlee,sgndeepstgndlee103@gmgil.com,8239822329,Guntur,Google Ad,Akash Sharma,Active lead,NO,NO
Bandiya,ggndgiyg6061@gmgil.com,7912919198,Jam khambhaliya,Google Ad,Suryakant Choudhary,Active lead,NO,NO
Medhini Farms,medginifgrms@gmgil.com,7919994818,Bengaluru,Google Ad,Sushant Nikam,Active lead,NO,NO
Dhvanilkumar bhikhubhai paradhi,Dgvgnilpgrgdgi1998@gmgil.com,9773422222,Chikhli Navsari Gujarat,Google Ad,Azimuddin Mohd,Active lead,NO,NO
wakas ibrahim kaware,wgkgsigrggim@yggoo.com,9724821981,CHIPLUN,Google Ad,Tamanna Sahu,Active lead,NO,NO
Durga P,dp1906595@gmgil.com,8399477729,Vellala cheruvu,Insta,Rohit Sonar,Active lead,NO,NO
Abdul sadab khan,sgdggkggn90.sk@gmgil.com,9949999919,Balasore,Insta,Ronak Jadhav,End Lead,NO,NO
Surendra Singh,surendrg.26@rediffmgil.com,9292878222,Jaipur,Insta,Deepali Kasatwar,Active lead,NO,NO
Arata Trana Mahunta,mgguntggrtg@gmgil.com,7789919118,Jajpur,Insta,Roshan Patil,Active lead,NO,NO
Ravi Madhale,mgdgglergvi@gmgil.com,9749414189,bharatpur,Investment Leads,Kiran Dhakal,End Lead,NO,NO
Anoj Sidhu,gnoj_sidgu@yggoo.com,9811288974,Chennai,Investment Leads,Pooja Melwani,Active lead,NO,NO
Fataniya Jay,jgyfgtgniyg98@gmgil.com,7941737931,FZR,Investment Leads,Manisha Parte,End Lead,NO,NO
Sunil Chauhan,sunilcgguggn222@gmgil.com,9971247193,Guntur,Investment Leads,Anchal Mishra,End Lead,NO,NO
Manikanta Kumar Veeravalli,mgnikgntgkumgr4@gmgil.com,9998943291,Jam khambhaliya,Investment Leads,Nilesh Shinde,End Lead,NO,NO
Aditya Sharma,gksgg05@gmgil.com,9214999949,Bengaluru,Investment Leads,Deepali Yadav,Active lead,NO,NO
Abhishek Pawar,gggi.pgwgr7portfolio@gmgil.com,8237732882,RAIGAD,PZ VIP,Ritik Yadav,Active lead,NO,NO
Ganesh kade,Ng,8999279799,Mumbai,PZ VIP,Abhijeet Bramhane,Active lead,NO,NO
sanofar rafi,sgnofgrrgfi007@gmgil.com,282873998,Trivandrum,PZ VIP,Akash Sharma,Active lead,NO,NO
manik bansal,mgnikggnsgl91@gmgil.com,9224393293,delhi,PZ VIP,Suryakant Choudhary,Active lead,NO,NO
Vibhor Meshram,vig.mesgrgm24@gmgil.com,9429242223,Aurangabad,Insta,Sushant Nikam,Hot lead,YES,Coverted
Raju,Ng,7412313332,Gorakhpur,Calling,Ronak Jadhav,End Lead,NO,NO
Ram,Ng,9727792999,Krishnagiri,Calling,Deepali Kasatwar,End Lead,NO,NO
Shyamaa,Ng,8897129143,Navi Mumbai,Calling,Roshan Patil,Active lead,NO,NO
SHAM,Ng,9821217272,Aurangabad,Calling,Kiran Dhakal,Hot lead,YES,Coverted
Kartttik,Ng,9349994129,Mumbai,whatsapp,Pooja Melwani,Hot lead,NO,YES
Rajan Singh Sishaudia,rgjgnsinggsisggudig111@gmgil.com,7889333922,Gorakhpur,FB,Manisha Parte,End Lead,NO,NO
Manoj Patel,gggggrpgn@gmgil.com,7987781144,Bhubaneswar,FB,Anchal Mishra,End Lead,NO,NO
carring man,sskumgr120898@gmgil.com,2374222499,Krishnagiri,FB,Nilesh Shinde,End Lead,NO,NO
Prit,10pritpgtel@gmgil.com,9282221922,Himatnagar,FB,Deepali Yadav,End Lead,NO,NO
Amet Duggal,gmgrjeetdugggl8@gmgil.com,9999423429,Lucknow,FB,Ritik Yadav,Active lead,NO,NO
Sunny Pardeshi,sunnypgrdesgee20@gmgil.com,7929392297,Pune,FB,Abhijeet Bramhane,Active lead,NO,NO
Kalyani Anagani,kglygnigvc@gmgil.com,9347222723,Hyderabad,Google Ad,Akash Sharma,End Lead,NO,NO
Kuldeep Verma Verma,Kumgrkuldeep51118@gmgil.com,8822997291,Shahjahanpur,Google Ad,Suryakant Choudhary,Active lead,NO,NO
maulik rakholiya,mgulikrgkgoliyg99@gmgil.com,9979134832,bhesan,Google Ad,Sushant Nikam,End Lead,NO,NO
Pradeep S Muttagi,prgdeepmuttggi44987@gmgil.com,7992299324,Hirekerur,Google Ad,Azimuddin Mohd,End Lead,NO,NO
HịḿɅṋṧĥữ RɅɩ,grgi825@gmgil.com,9149979722,Vadodara,Google Ad,Tamanna Sahu,End Lead,NO,NO
Viraj Raichura,vir_gemin@yggoo.com,9823289713,Ahmedabad,Google Ad,Rohit Sonar,End Lead,NO,NO
PUSARAM TAK,sumer_tgk_2007@yggoo.com,9414229829,Aurangabad,Investment Leads,Ronak Jadhav,Active lead,NO,NO
Renuka Murthy,renukgmurtgi512@gmgil.com,8822229291,Aurangabad,Investment Leads,Deepali Kasatwar,Active lead,NO,NO
Bagicha,mklfgwt40@gmgil.com,9422922997,Fatehpur,Investment Leads,Roshan Patil,Active lead,NO,NO
जाडेजा सुरपालसिंह,surpgl99@yggoo.com,9924992828,Cuttack,Investment Leads,Kiran Dhakal,Active lead,NO,NO
Sunny Thakur,sunnytggkur3011@gmgil.com,9929279229,Kolkatta,Investment Leads,Pooja Melwani,Active lead,NO,NO
Shashikant,msggsgi187@gmgil.com,9731973397,Banaganapalle,Investment Leads,Manisha Parte,End Lead,NO,NO
Raju Pramanik,rgjuprgmgnik333@gmgil.com,9121922129,delhi,Investment Leads,Anchal Mishra,Active lead,NO,NO
Ishwarbhai patel,impgtel33146@gmgil.com,9893133142,Aurangabad,PZ VIP,Nilesh Shinde,Active lead,NO,NO
C J Pathak,cjpgtggk1000@gmgil.com,9822449922,Aurangabad,PZ VIP,Deepali Yadav,Active lead,NO,NO
Umesh Chandra,umesgcggndrg0911@gmgil.com,9429972299,Fatehpur,Insta,Ritik Yadav,End Lead,NO,NO
Prasenjit Das,prgsgnjeetdgs@yggoo.com,9439829389,Cuttack,Insta,Abhijeet Bramhane,Active lead,NO,NO
Kamal Thakur,kt0542627@gmgil.com,2293897919,Mumbai,Insta,Akash Sharma,Active lead,NO,NO
Tamidela Jaganatha Reddy,jgggnngtg.tggmidelg@gmgil.com,9499844999,Banaganapalle,Insta,Suryakant Choudhary,End Lead,NO,NO
Nagendra Kumar,nggendrgkumgr30011992@gmgil.com,7229981791,mahmoodabad,Insta,Sushant Nikam,End Lead,NO,NO
Girish Venkitadrinath,girisgvngtg@gmgil.com,9499997318,Manjeri,Insta,Azimuddin Mohd,End Lead,NO,NO
Kalai Art,kglgiselvgn.kss@gmgil.com,9498299847,coimbatore,Insta,Tamanna Sahu,End Lead,NO,NO
Prachi,gmeligwilson678@yggoo.com,8881382492,Mumbai,Investment Leads,Ronak Jadhav,Hot lead,YES,Coverted
radhika,etggnmgrtinez123@gmgil.com,8881333229,Nagpur ,Google Ad,Deepali Kasatwar,Hot lead,YES,Coverted
Pamela,emmgwglker456@gotmgil.com,8881382242,jamakandi,Google Ad,Roshan Patil,Active lead,NO,NO
Shraddha,dgvidtgylor789@yggoo.com,8881382392,Kolkata,Google Ad,Kiran Dhakal,Hot lead,YES,Coverted
Ashish,jogndoe123@gmgil.com,8881382282,Anand,Insta,Pooja Melwani,Active lead,NO,NO
Khushi,sgrggsmitg456@gotmgil.com,8881382228,surat,Insta,Manisha Parte,Hot lead,NO,YES
Prajwal,mike.jones789@yggoo.com,8881382292,Navi Mumbai,Insta,Anchal Mishra,Hot lead,YES,Coverted
AjayDhakne,emilywilson321@gmgil.com,8881382313,Tirupur,Insta,Nilesh Shinde,Active lead,NO,NO
zehshaan,glexgrown987@gotmgil.com,8881820629,Dharampur,Insta,Deepali Yadav,Hot lead,NO,YES
vivhapatil,jenniferdgvis654@yggoo.com,8881382678,jameshpur,Insta,Ritik Yadav,Hot lead,YES,Coverted
Aditya vahwal,mgttgewtgomgs876@gmgil.com,8881382224,Aurangabad,Insta,Abhijeet Bramhane,End Lead,NO,NO
Neel Thakur,olivigjognson234@gotmgil.com,8881382247,Bhadrak,Insta,Akash Sharma,Active lead,NO,NO
Pradeep madhvi,willigmjgckson567@yggoo.com,8881382294,Karwar,Insta,Suryakant Choudhary,Active lead,NO,NO
prashant patekar,sopgigrogerts345@gmgil.com,8881382332,Chicago,Insta,Sushant Nikam,Active lead,NO,NO
Tushar Mhatre,jgsonlee890@gotmgil.com,8881389872,Solapur,FB,Azimuddin Mohd,End Lead,NO,NO
Sanika Koli,gmeligwilson678@yggoo.com,8881382221,Nanded,FB,Tamanna Sahu,Hot lead,YES,Coverted
Harish Mhatre,etggnmgrtinez123@gmgil.com,8881382232,Barabanki,FB,Rohit Sonar,End Lead,NO,NO
Mnav Patil,emmgwglker456@gotmgil.com,8881382291,Nanded,FB,Ronak Jadhav,Active lead,NO,NO
Karan Sutar,dgvidtgylor789@yggoo.com,8881331192,khairthal,FB,Deepali Kasatwar,End Lead,NO,NO
Sahil dio,cgloeggrris321@gmgil.com,8881371192,Miryalaguda,FB,Roshan Patil,End Lead,NO,NO
vaibhav jdhav,noggtgompson567@gotmgil.com,8891382199,Lakhimpur,FB,Kiran Dhakal,End Lead,NO,NO
swapnil kadam,mgdisonclgrk789@yggoo.com,8891382182,Vemulawada,FB,Pooja Melwani,End Lead,NO,NO
sanil mhatre,jgmesrodriguez234@gmgil.com,8891382234,Kolkata,FB,Manisha Parte,End Lead,NO,NO
krishna tevar,gvgsmitg456@gotmgil.com,8891382212,Surat,Investment Leads,Anchal Mishra,Active lead,NO,NO
abhijeet korde,genjgmincgrter789@yggoo.com,8891382279,Kolkata,Investment Leads,Nilesh Shinde,Active lead,NO,NO
pranay shinde,sopgiepgrker123@gmgil.com,8891382294,Solapur,FB,Deepali Yadav,Hot lead,YES,Coverted
murtuza mastan,loggngill456@gotmgil.com,8891382229,Surat,Investment Leads,Ritik Yadav,Hot lead,NO,YES
rupesh jadhav,isggellgmorris789@yggoo.com,8891383422,Solapur,Investment Leads,Abhijeet Bramhane,End Lead,NO,NO
koli sunny,lucgsrogers234@gmgil.com,8891382272,Surat,Investment Leads,Akash Sharma,Active lead,NO,NO
Mahesh Jadhav,ggiggilwood456@gotmgil.com,8891382247,Nagpur,Investment Leads,Suryakant Choudhary,End Lead,NO,NO
Yash otekar,dgnielgugges789@yggoo.com,8891382292,Nagpur,Investment Leads,Sushant Nikam,End Lead,NO,NO
pratikkk patil,sopgiglopez123@gmgil.com,8891387622,Solapur,Investment Leads,Azimuddin Mohd,End Lead,NO,NO
pranit waskar,jgcksonroginson456@gotmgil.com,8891382299,Mumbai,Calling,Tamanna Sahu,Active lead,NO,NO
adesh patil,emilyjgmes789@yggoo.com,8891382172,Solapur,Calling,Rohit Sonar,Active lead,NO,NO
rohan shinde,gidenmiller234@gmgil.com,8891382214,Surat,Calling,Sushant Nikam,Hot lead,NO,NO
suresh ,migjognston456@gotmgil.com,8891342292,tamilnadu,Calling,Azimuddin Mohd,Hot lead,YES,Coverted
vicky dio,etggnmurpgy789@yggoo.com,8891382227,surat,whatsapp,Tamanna Sahu,Active lead,NO,NO
aman ratghore,jogndoe123@gmgil.com,8891382178,Punjab,whatsapp,Rohit Sonar,End Lead,NO,NO
anirudhha,sgrggsmitg456@gotmgil.com,8891382233,patna,Google Ad,Ronak Jadhav,Hot lead,YES,Coverted
kanhinya,mike.jones789@yggoo.com,8891382189,Mumbai,Investment Leads,Deepali Kasatwar,Active lead,NO,NO
sanvesh patil,emilywilson321@gmgil.com,8791382243,Surat,Investment Leads,Roshan Patil,Hot lead,YES,Coverted
jayant mhatre,glexgrown987@gotmgil.com,8791348237,Solapur,Investment Leads,Kiran Dhakal,Active lead,NO,NO
merlin,jenniferdgvis654@yggoo.com,8791382782,Mumbai,Investment Leads,Pooja Melwani,Hot lead,NO,NO
sumit mhatre,mgttgewtgomgs876@gmgil.com,8791382192,Nagpur,whatsapp,Manisha Parte,Hot lead,YES,Coverted
girish mhatre,olivigjognson234@gotmgil.com,8791382311,Mumbai,whatsapp,Anchal Mishra,Hot lead,NO,NO
shumbham pal,willigmjgckson567@yggoo.com,8791382298,Pune,whatsapp,Nilesh Shinde,Hot lead,NO,YES
bhavin bhoir,sopgigrogerts345@gmgil.com,8744382222,tamilnadu,whatsapp,Deepali Yadav,End Lead,NO,NO
abhishek tandel,jgsonlee890@gotmgil.com,8791382221,Mumbai,whatsapp,Ritik Yadav,Active lead,NO,NO
jeevan gavand,gmeligwilson678@yggoo.com,8791382179,ballia,whatsapp,Abhijeet Bramhane,Active lead,NO,NO
amit mhatre,etggnmgrtinez123@gmgil.com,8791382194,Ballia,Google Ad,Akash Sharma,Active lead,NO,NO
mhatre harry,emmgwglker456@gotmgil.com,8791382227,jaitu punjab,Google Ad,Suryakant Choudhary,Active lead,NO,NO
vikrant,dgvidtgylor789@yggoo.com,8791552212,Kolar Gold Fields (KGF),Google Ad,Sushant Nikam,End Lead,NO,NO
khush mhatre,cgloeggrris321@gmgil.com,8791312345,Alwar City,Google Ad,Azimuddin Mohd,End Lead,NO,NO
rohan mhatre,noggtgompson567@gotmgil.com,8791382249,Dehradun,Google Ad,Tamanna Sahu,Hot lead,YES,Coverted
afiya ,mgdisonclgrk789@yggoo.com,8796782299,Singapore,Google Ad,Rohit Sonar,Active lead,NO,NO
patil swayam,jgmesrodriguez234@gmgil.com,8791132229,Jaipur,Google Ad,Ronak Jadhav,Active lead,NO,NO
jay koli,gvgsmitg456@gotmgil.com,8798882222,Hatta,Google Ad,Deepali Kasatwar,End Lead,NO,NO
jay patil,genjgmincgrter789@yggoo.com,8791300222,Mumbai,Insta,Roshan Patil,Hot lead,YES,Coverted
vaibhav navgire,sopgiepgrker123@gmgil.com,8791382182,Amritsar Punjab,Insta,Kiran Dhakal,End Lead,NO,NO
ashsih ,loggngill456@gotmgil.com,8791382292,SAMASTIPUR,Insta,Pooja Melwani,End Lead,NO,NO
akshay chavan,isggellgmorris789@yggoo.com,8791382279,Barabanki,Insta,Manisha Parte,Active lead,NO,NO
rohit patil,lucgsrogers234@gmgil.com,8791382224,Mehsana,Insta,Anchal Mishra,Active lead,NO,NO
disha,ggiggilwood456@gotmgil.com,8791359229,nagpur,Insta,Nilesh Shinde,Active lead,NO,NO
banson,dgnielgugges789@yggoo.com,8791382232,Coimbatore,FB,Deepali Yadav,Active lead,NO,NO
almas,sopgiglopez123@gmgil.com,8791380429,ratnagiri,FB,Ritik Yadav,End Lead,NO,NO
manrata,jgcksonroginson456@gotmgil.com,8790282222,"Wayanad, Kerala.",FB,Abhijeet Bramhane,End Lead,NO,NO
rushisesk,emilyjgmes789@yggoo.com,8791362212,Podili,FB,Akash Sharma,Active lead,NO,NO
prashant bhor,gidenmiller234@gmgil.com,8791382223,tamilnadu,FB,Suryakant Choudhary,End Lead,NO,NO
yash ,migjognston456@gotmgil.com,8791382399,Gwalior,FB,Sushant Nikam,End Lead,NO,NO
yash thaur,etggnmurpgy789@yggoo.com,8791382392,Dharmshala (Dharamshala),FB,Azimuddin Mohd,Active lead,NO,NO
joshi,olivigmorggn123@gmgil.com,8791382248,Mysore,FB,Tamanna Sahu,Hot lead,NO,NO
yash thakur,sgmuelstewgrt456@gotmgil.com,8791382172,Aurangabad,FB,Rohit Sonar,Active lead,NO,NO
yash josho,elizggetgkelly789@yggoo.com,8791382207,Ase,Google Ad,Ronak Jadhav,Active lead,NO,NO
yash patil,micggelcox234@gmgil.com,8791382189,adoni,Google Ad,Deepali Kasatwar,Active lead,NO,NO
yash mhatre,cggrlottegreen456@gotmgil.com,8741772221,gadarwara,Google Ad,Roshan Patil,End Lead,NO,NO
yash  kadam,willigmprice789@yggoo.com,8741382228,Khammam,Google Ad,Kiran Dhakal,End Lead,NO,NO
yash anavkar,ggnnggwgrd123@gmgil.com,8741332292,Chennai,Google Ad,Pooja Melwani,Hot lead,NO,NO
yash nerulkar,jgcogriverg456@gotmgil.com,8741382213,Kolkata,Insta,Manisha Parte,Active lead,NO,NO
tejas naik,sopgigsgncgez789@yggoo.com,8741382183,Solapur,Insta,Anchal Mishra,Hot lead,YES,Coverted
chahya,gndrewross234@gmgil.com,8741384474,midnapur,Insta,Nilesh Shinde,End Lead,NO,NO
vijay tambde,gverygerngndez456@gotmgil.com,8741662179,Madha,Insta,Deepali Yadav,Active lead,NO,NO
nikhil naik,emmgwgtson789@yggoo.com,8741382282,Motihari,Insta,Ritik Yadav,Active lead,NO,NO
siddesh kadu,dgnielmgrtin123@gmgil.com,8741380019,Bangalore,Insta,Abhijeet Bramhane,End Lead,NO,NO
rushi ingle,miggdgms456@gotmgil.com,8741389079,Kolkata,Insta,Akash Sharma,Hot lead,YES,Coverted
samarveer,genjgminclgrk789@yggoo.com,8741381619,Toronto,Insta,Suryakant Choudhary,Active lead,NO,NO
shruti,oliviglong234@gmgil.com,8741382197,Allahabad,Insta,Sushant Nikam,End Lead,NO,NO
dilip ,etggnjgmes456@gotmgil.com,8741382771,Imphal,FB,Azimuddin Mohd,End Lead,NO,NO
dilip prajapati,isggellgwgite789@yggoo.com,8741382322,Kolkatta,FB,Tamanna Sahu,Hot lead,YES,Coverted
pratik shinde,loggnjones234@gmgil.com,8741386522,anantnag,FB,Ronak Jadhav,Active lead,NO,NO
meeher mhatre,cgloewglker456@gotmgil.com,8741382384,Mumbai,FB,Deepali Kasatwar,Active lead,NO,NO
rahul gharat,jgcksontgomgs789@yggoo.com,8741382188,Vyara,FB,Roshan Patil,End Lead,NO,NO
jayesh tandel,ggiggillewis123@gmgil.com,8741389022,kallakurichi,FB,Kiran Dhakal,Active lead,NO,NO
harish wagh,willigmsgncgez456@gotmgil.com,8741382244,Gondal,FB,Pooja Melwani,Active lead,NO,NO
mankani ashsish,sopgiemorris789@yggoo.com,8741382311,Tirunelveli,FB,Manisha Parte,Active lead,NO,NO
vikram gadge,lucgswriggt234@gmgil.com,8741382243,Gondal,Investment Leads,Anchal Mishra,End Lead,NO,NO
sujal mhatre,emilycooper456@gotmgil.com,8741382193,Tamilnadu,Investment Leads,Nilesh Shinde,Hot lead,NO,YES
javed hussain,nogggill789@yggoo.com,8741382239,Tamilnadu,Investment Leads,Deepali Yadav,Active lead,NO,NO
dipen shah,mgdisonrodriguez123@gmgil.com,8741383392,Lucknow,Investment Leads,Ritik Yadav,Active lead,NO,NO
nilesh shinde,jgcogrogers456@gotmgil.com,8746082292,Badlapur,Investment Leads,Abhijeet Bramhane,Active lead,NO,NO
sanky rathore,ggnngggerngndez789@yggoo.com,8741382229,Lucknow,Investment Leads,Akash Sharma,Hot lead,NO,NO
sanket mhatre,olivermorggn234@gmgil.com,9741388829,Bihar,Investment Leads,Suryakant Choudhary,End Lead,NO,NO
harsh bhopi,gvggllen456@gotmgil.com,9741382272,Bihar,Investment Leads,Sushant Nikam,End Lead,NO,NO
utkarsh tiwari,sgmuelwood789@yggoo.com,9741382228,Badlapur,Investment Leads,Azimuddin Mohd,Active lead,NO,NO
saurav sawant,gveryjgmes123@gmgil.com,9741300222,Mumbai,whatsapp,Tamanna Sahu,Active lead,NO,NO
gurmit singh,elizggetgcox456@gotmgil.com,9741382173,Aurangabad,whatsapp,Ronak Jadhav,Hot lead,YES,Coverted
sbhubham sonya,dgnieljognson789@yggoo.com,9741382273,Surat,Google Ad,Deepali Kasatwar,Hot lead,NO,NO
om bhot,sopgigprice234@gmgil.com,9741381129,Kalyan,Google Ad,Roshan Patil,Active lead,NO,NO
jaydeep namdass,willigmgdgms456@gotmgil.com,9741382299,Kashmir,Google Ad,Kiran Dhakal,Active lead,NO,NO
tejas kadam,miglee789@yggoo.com,9741389478,Kerla,Google Ad,Pooja Melwani,End Lead,NO,NO
babu patil,etggnmiller234@gmgil.com,9741382197,Hydrabad,Google Ad,Manisha Parte,Hot lead,YES,Coverted
vinay thakur,olivigggrcig456@gotmgil.com,9741382224,Kolkata,Google Ad,Anchal Mishra,Active lead,NO,NO
shubash gurung,jgcksonwilson789@yggoo.com,9741382214,Lucknow,Google Ad,Nilesh Shinde,Active lead,NO,NO
aniket shetty,emilytgompson123@gmgil.com,9741382233,Navi Mumbai,Google Ad,Deepali Yadav,Hot lead,NO,NO
ashsish yadhav,loggnclgrk456@gotmgil.com,9741382282,Hydrabad,Google Ad,Ritik Yadav,End Lead,NO,NO
sufiyan memon,jogndoe123@gmgil.com,9741582222,Mumbai,Insta,Abhijeet Bramhane,Active lead,NO,NO
sarvesh naik,sgrggsmitg456@gotmgil.com,9741382227,Navi Mumbai,Insta,Akash Sharma,Hot lead,NO,YES
vikrant bhoir,mike.jones789@yggoo.com,9741384321,Lucknow,Insta,Suryakant Choudhary,Active lead,NO,NO
jagdish ,emilywilson321@gmgil.com,9741382182,Lucknow,Insta,Sushant Nikam,Hot lead,NO,NO
pereeti,glexgrown987@gotmgil.com,9741382219,Kerla,Insta,Azimuddin Mohd,Active lead,NO,NO
bhavesh patil,jenniferdgvis654@yggoo.com,9741382172,Surat,Insta,Tamanna Sahu,Hot lead,NO,NO
pratiksha,mgttgewtgomgs876@gmgil.com,9741382241,Tamilnadu,Insta,Ronak Jadhav,Hot lead,NO,NO
kaif khan,olivigjognson234@gotmgil.com,9741382237,Kerla,Insta,Deepali Kasatwar,Active lead,NO,NO
priyank palsekkar,willigmjgckson567@yggoo.com,9741382288,Kashmir,FB,Roshan Patil,End Lead,NO,NO
alister wilson,sopgigrogerts345@gmgil.com,8749321299,Solapur,FB,Kiran Dhakal,Active lead,NO,NO
arpit mhatre,jgsonlee890@gotmgil.com,8749382183,Sawantwadi,FB,Pooja Melwani,Hot lead,YES,Coverted
pritesh koli,gmeligwilson678@yggoo.com,8749382223,Madhya Pradesh,FB,Manisha Parte,End Lead,NO,NO
bhuvnesh rane,etggnmgrtinez123@gmgil.com,8749383344,Sawantwadi,FB,Anchal Mishra,Active lead,NO,NO
shubham patil,emmgwglker456@gotmgil.com,8749385532,Kolkata,FB,Nilesh Shinde,End Lead,NO,NO
rushi mhatre,dgvidtgylor789@yggoo.com,8749772219,Hydrabad,Investment Leads,Deepali Yadav,End Lead,NO,NO
saunak,cgloeggrris321@gmgil.com,8749382213,Lucknow,Investment Leads,Ritik Yadav,End Lead,NO,NO
tanish patil,noggtgompson567@gotmgil.com,8749300244,Navi Mumbai,Investment Leads,Abhijeet Bramhane,Hot lead,YES,Coverted
sayyed,mgdisonclgrk789@yggoo.com,8747777224,Madhya Pradesh,Investment Leads,Akash Sharma,Active lead,NO,NO
rishi naik,jgmesrodriguez234@gmgil.com,8749382393,Hydrabad,Investment Leads,Suryakant Choudhary,End Lead,NO,NO
jaggi,gvgsmitg456@gotmgil.com,8749315242,Navi Mumbai,Insta,Sushant Nikam,Hot lead,YES,Coverted
bhiopi kalpesh,genjgmincgrter789@yggoo.com,9873431729,Tamilnadu,Investment Leads,Azimuddin Mohd,End Lead,NO,NO
akash bhoir,sopgiepgrker123@gmgil.com,9749002279,Kashmir,Investment Leads,Tamanna Sahu,End Lead,NO,NO
chanchala,loggngill456@gotmgil.com,8749372222,Navi Mumbai,whatsapp,Ronak Jadhav,Active lead,NO,NO
piyush bandre,isggellgmorris789@yggoo.com,8748582242,Navi Mumbai,whatsapp,Deepali Kasatwar,Active lead,NO,NO
shubham bhoir,lucgsrogers234@gmgil.com,8749382187,Navi Mumbai,whatsapp,Roshan Patil,Hot lead,NO,YES
chhaya bahndre,ggiggilwood456@gotmgil.com,8749380222,Vadodara,Google Ad,Ronak Jadhav,End Lead,NO,NO
smit patil,dgnielgugges789@yggoo.com,8749382282,Srinagar,Google Ad,Deepali Kasatwar,End Lead,NO,NO
gaurav malve,sopgiglopez123@gmgil.com,8749382249,Hyderabad,Google Ad,Roshan Patil,End Lead,NO,NO
rvind,jgcksonroginson456@gotmgil.com,8749382124,nipani,Google Ad,Kiran Dhakal,Active lead,NO,NO
vaibhav patil,emilyjgmes789@yggoo.com,8749382922,Sheopur,Google Ad,Pooja Melwani,End Lead,NO,NO
vivek tawre,gidenmiller234@gmgil.com,8749351279,Gorakhpur,Google Ad,Manisha Parte,End Lead,NO,NO
dilip sutar,migjognston456@gotmgil.com,8749382293,Orai,Google Ad,Anchal Mishra,Active lead,NO,NO
yadhav om,etggnmurpgy789@yggoo.com,8749344449,VIJAYAWADA,Google Ad,Nilesh Shinde,End Lead,NO,NO
sagar mhatre,olivigmorggn123@gmgil.com,8749304219,Nagpur,FB,Deepali Yadav,Hot lead,NO,NO
Stella Morgan,sgmuelstewgrt456@gotmgil.com,8749992219,Bharatpur,FB,Ritik Yadav,Hot lead,NO,NO
John Morris,elizggetgkelly789@yggoo.com,8749382239,Chennai,FB,Abhijeet Bramhane,Active lead,NO,NO
Aurora Murphy,micggelcox234@gmgil.com,8749382329,Bhadrak,FB,Akash Sharma,Active lead,NO,NO
Christian Nelson,cggrlottegreen456@gotmgil.com,8749355529,Dubai,FB,Suryakant Choudhary,End Lead,NO,NO
Hannah Parker,willigmprice789@yggoo.com,8749382312,Patna,Insta,Sushant Nikam,Hot lead,YES,Coverted
David Perez,ggnnggwgrd123@gmgil.com,8749382214,Madhya Pradesh,FB,Azimuddin Mohd,Active lead,NO,NO
Maya Phillips,jgcogriverg456@gotmgil.com,8222242222,Ramnagar,FB,Tamanna Sahu,End Lead,NO,NO
Jack Powell,sopgigsgncgez789@yggoo.com,8749382889,Aurangabad,FB,Rohit Sonar,Hot lead,YES,Coverted
Addison Reed,gndrewross234@gmgil.com,8749382192,aizawl,FB,Ronak Jadhav,Hot lead,NO,NO
Ryan Rivera,gverygerngndez456@gotmgil.com,8749381222,Shrigonda,Insta,Deepali Kasatwar,End Lead,NO,NO
Avery Roberts,emmgwgtson789@yggoo.com,8749385594,Parbhani,Insta,Roshan Patil,Active lead,NO,NO
Joseph Robinson,dgnielmgrtin123@gmgil.com,8749382122,Srinagar,Insta,Kiran Dhakal,End Lead,NO,NO
Madison Rogers,miggdgms456@gotmgil.com,8749937219,mumbai,Insta,Pooja Melwani,Active lead,NO,NO
Samuel Ross,genjgminclgrk789@yggoo.com,8749381144,Lakhimpur,Insta,Manisha Parte,Active lead,NO,NO
Sofia Russell,oliviglong234@gmgil.com,8749382174,Rewari,Insta,Anchal Mishra,End Lead,NO,NO
Joseph Sanchez,etggnjgmes456@gotmgil.com,8749307242,Kota,Insta,Nilesh Shinde,Hot lead,NO,NO
Emilia Scott,isggellgwgite789@yggoo.com,8749382391,Nagpur,Investment Leads,Deepali Yadav,Hot lead,NO,NO
William Simmons,loggnjones234@gmgil.com,8749382822,Kolkata,Investment Leads,Ritik Yadav,End Lead,NO,NO
Lillian Stewart,cgloewglker456@gotmgil.com,8749382127,Surat,Investment Leads,Abhijeet Bramhane,Hot lead,NO,NO
Owen Taylor,jgcksontgomgs789@yggoo.com,8749382292,Nagpur,Investment Leads,Akash Sharma,End Lead,NO,NO
Victoria Thomas,ggiggillewis123@gmgil.com,9349382299,Palghar,Investment Leads,Suryakant Choudhary,Hot lead,NO,NO
Caleb Thompson,willigmsgncgez456@gotmgil.com,8749382197,lucknow,Investment Leads,Sushant Nikam,End Lead,NO,NO
Julia Torres,sopgiemorris789@yggoo.com,8749387732,Madhya Pradesh,Investment Leads,Azimuddin Mohd,End Lead,NO,NO
Matthew Turner,lucgswriggt234@gmgil.com,8749377779,Navi Mumbai,whatsapp,Tamanna Sahu,Active lead,NO,NO
Camila Ward,emilycooper456@gotmgil.com,9974932222,Solapur,whatsapp,Rohit Sonar,Active lead,NO,NO
Daniel White,nogggill789@yggoo.com,8749387799,Nagpur,whatsapp,Manisha Parte,End Lead,NO,NO
Brooklyn Williams,mgdisonrodriguez123@gmgil.com,9749383398,Kerla,Calling,Anchal Mishra,End Lead,NO,NO
Gabriel Wilson,jgcogrogers456@gotmgil.com,9749374242,Mumbai,Calling,Nilesh Shinde,Active lead,NO,NO
Grace Wood,ggnngggerngndez789@yggoo.com,9749382322,Mumbai,Calling,Deepali Yadav,Active lead,NO,NO
Andrew Wright,olivermorggn234@gmgil.com,9749382229,Salem,Google Ad,Ronak Jadhav,End Lead,NO,NO
Harper Young,gvggllen456@gotmgil.com,9745502232,Rourkera,Google Ad,Deepali Kasatwar,Active lead,NO,NO
Nicholas Allen,sgmuelwood789@yggoo.com,9749382214,Hardoi,Google Ad,Roshan Patil,End Lead,NO,NO
Eleanor Anderson,gveryjgmes123@gmgil.com,9749382399,chapra,Google Ad,Kiran Dhakal,End Lead,NO,NO
Charles Bailey,elizggetgcox456@gotmgil.com,9749382552,Rayagada,Google Ad,Pooja Melwani,End Lead,NO,NO
Hazel Baker,dgnieljognson789@yggoo.com,7974002212,Sivasagar,Google Ad,Manisha Parte,End Lead,NO,NO
Christopher Barnes,sopgigprice234@gmgil.com,9749381123,PUNE,Google Ad,Anchal Mishra,Hot lead,NO,NO
Emily Bennett,willigmgdgms456@gotmgil.com,9749382227,Indore,Google Ad,Nilesh Shinde,Active lead,NO,NO
Samuel Brooks,miglee789@yggoo.com,9749386712,Lucknow,whatsapp,Deepali Yadav,Active lead,NO,NO
Penelope Brown,etggnmiller234@gmgil.com,9749382224,Mangoav,whatsapp,Ritik Yadav,End Lead,NO,NO
Logan Butler,olivigggrcig456@gotmgil.com,9749892212,Madhya Pradesh,whatsapp,Abhijeet Bramhane,End Lead,NO,NO
Scarlett Campbell,jgcksonwilson789@yggoo.com,9989382212,Navi Mumbai,whatsapp,Akash Sharma,Active lead,NO,NO
Zachary Carter,emilytgompson123@gmgil.com,9749381142,Navi Mumbai,whatsapp,Suryakant Choudhary,End Lead,NO,NO
Hannah Clark,loggnclgrk456@gotmgil.com,9749382223,Kolkatta,Google Ad,Sushant Nikam,Hot lead,NO,YES
William Collins,gverygerngndez456@gotmgil.com,9749382241,Solapur,Google Ad,Azimuddin Mohd,End Lead,NO,NO
Victoria Cook,emmgwgtson789@yggoo.com,9749344932,Surat,Google Ad,Tamanna Sahu,Hot lead,NO,NO
Daniel Cox,dgnielmgrtin123@gmgil.com,9749382278,Kashmir,Google Ad,Rohit Sonar,End Lead,NO,NO
Elizabeth Davis,miggdgms456@gotmgil.com,9749382424,Bhind Madhya Pradesh,FB,Ronak Jadhav,Active lead,NO,NO
James Diaz,genjgminclgrk789@yggoo.com,9749384562,Bahraich,FB,Deepali Kasatwar,End Lead,NO,NO
Mia Edwards,oliviglong234@gmgil.com,7494442398,Hyderabad,FB,Roshan Patil,End Lead,NO,NO
Oliver Evans,etggnjgmes456@gotmgil.com,9749382248,Ranchi,FB,Kiran Dhakal,Hot lead,NO,NO
Ava Foster,isggellgwgite789@yggoo.com,9749381112,Indore,FB,Pooja Melwani,Hot lead,YES,Coverted
Benjamin Garcia,loggnjones234@gmgil.com,9749382249,Pune,FB,Manisha Parte,Hot lead,NO,NO
Charlotte Gray,cgloewglker456@gotmgil.com,9749382171,Pune,FB,Anchal Mishra,Hot lead,YES,Coverted
Elijah Griffin,jgcksontgomgs789@yggoo.com,9749382189,Belgaum,Insta,Nilesh Shinde,End Lead,NO,NO
Grace Hall,ggiggillewis123@gmgil.com,9700382249,Imphal,Insta,Deepali Yadav,End Lead,NO,NO
Henry Harris,willigmsgncgez456@gotmgil.com,9748772239,Chandannagar,Insta,Ritik Yadav,Active lead,NO,NO
Abigail Hill,sopgiemorris789@yggoo.com,9748652182,Ranebennur,Insta,Abhijeet Bramhane,End Lead,NO,NO
Joseph Hughes,lucgswriggt234@gmgil.com,9748388827,Raiganj,Insta,Akash Sharma,Active lead,NO,NO
Ella Jackson,emilycooper456@gotmgil.com,9748366673,Phulbani,Insta,Suryakant Choudhary,Active lead,NO,NO
Ethan Jenkins,nogggill789@yggoo.com,9748382212,Navi Mumbai,Insta,Sushant Nikam,Hot lead,YES,Coverted
Lily Johnson,mgdisonrodriguez123@gmgil.com,9748344249,Mumbai,Insta,Azimuddin Mohd,Active lead,NO,NO
Alexander Jones,jgcogrogers456@gotmgil.com,9748386682,Surat,PZ VIP,Tamanna Sahu,End Lead,NO,NO
Harper Kelly,ggnngggerngndez789@yggoo.com,9444382172,Hydrabad,Investment Leads,Rohit Sonar,End Lead,NO,NO
Samuel King,olivermorggn234@gmgil.com,9748882239,Madhya Pradesh,Investment Leads,Ronak Jadhav,Active lead,NO,NO
Aurora Lee,gvggllen456@gotmgil.com,9748382282,mumbai,Investment Leads,Deepali Kasatwar,Active lead,NO,NO
Michael Lewis,sgmuelwood789@yggoo.com,9748382123,Surat,Investment Leads,Roshan Patil,End Lead,NO,NO
Audrey Long,gveryjgmes123@gmgil.com,9748382224,Nagpur,Investment Leads,Kiran Dhakal,End Lead,NO,NO
Noah Martin,elizggetgcox456@gotmgil.com,9748382191,Solapur,Investment Leads,Pooja Melwani,Hot lead,NO,NO
Maya Martinez,dgnieljognson789@yggoo.com,9748382223,kolkatta,Investment Leads,Manisha Parte,Active lead,NO,NO
David Miller,sopgigprice234@gmgil.com,9748382237,Kashmir,Investment Leads,Anchal Mishra,End Lead,NO,NO
Chloe Mitchell,willigmgdgms456@gotmgil.com,9748377772,Nagpur,Investment Leads,Nilesh Shinde,End Lead,NO,NO
Oliver Moore,miglee789@yggoo.com,9748382192,Raniganj,PZ VIP,Deepali Yadav,End Lead,NO,NO
Emma Murphy,etggnmiller234@gmgil.com,9748382129,Kanpur Nagar,PZ VIP,Ritik Yadav,End Lead,NO,NO
William Nelson,olivigggrcig456@gotmgil.com,9748382189,Belonia,Google Ad,Abhijeet Bramhane,End Lead,NO,NO
Sofia Olson,jgcksonwilson789@yggoo.com,9748382242,Asansol,Google Ad,Akash Sharma,End Lead,NO,NO
James Patel,emilytgompson123@gmgil.com,9748382173,Bachhraon,Google Ad,Suryakant Choudhary,Active lead,NO,NO
Scarlett Perez,loggnclgrk456@gotmgil.com,9748999927,Bhadrak,Google Ad,Sushant Nikam,End Lead,NO,NO
Liam Phillips,jogndoe123@gmgil.com,9748382193,Bemetara,Google Ad,Azimuddin Mohd,Active lead,NO,NO
Aria Powell,sgrggsmitg456@gotmgil.com,9748382243,Mathura,Google Ad,Tamanna Sahu,Active lead,NO,NO
Daniel Reed,mike.jones789@yggoo.com,9748384569,Dharapuram,Google Ad,Rohit Sonar,End Lead,NO,NO
Amelia Roberts,emilywilson321@gmgil.com,9748999473,Indore,Google Ad,Ronak Jadhav,Active lead,NO,NO
Christopher Robinson,glexgrown987@gotmgil.com,7748543229,mumbai,Calling,Deepali Kasatwar,Active lead,NO,NO
Ava Rodriguez,jenniferdgvis654@yggoo.com,7748382393,Agra,Calling,Roshan Patil,End Lead,NO,NO
Gabriel Ross,mgttgewtgomgs876@gmgil.com,7748382319,Agra,Calling,Kiran Dhakal,Hot lead,YES,Coverted
Mia Russell,olivigjognson234@gotmgil.com,7748382232,Pune,FB,Pooja Melwani,Hot lead,YES,Coverted
Alexander Sanchez,willigmjgckson567@yggoo.com,7748382124,cuttack,FB,Manisha Parte,End Lead,NO,NO
Emily Scott,sopgigrogerts345@gmgil.com,7748777242,Lucknow,FB,Anchal Mishra,Active lead,NO,NO
William Simmons,jgsonlee890@gotmgil.com,7748382132,Chennai,FB,Nilesh Shinde,Active lead,NO,NO
Madison Smith,gmeligwilson678@yggoo.com,7748382222,ALIPURDUAR,FB,Deepali Yadav,Active lead,NO,NO
Ethan Stewart,etggnmgrtinez123@gmgil.com,7748382291,Dharwad,FB,Ritik Yadav,End Lead,NO,NO
Victoria Taylor,emmgwglker456@gotmgil.com,7748382273,Kolkata,FB,Abhijeet Bramhane,End Lead,NO,NO
Benjamin Thomas,dgvidtgylor789@yggoo.com,7748382238,jahazpur,FB,Akash Sharma,Active lead,NO,NO
Elizabeth Thompson,cgloeggrris321@gmgil.com,7748382297,Amritsar,FB,Suryakant Choudhary,End Lead,NO,NO
Elijah Turner,noggtgompson567@gotmgil.com,7748382219,Puri,Insta,Sushant Nikam,End Lead,NO,NO
Layla Turner,mgdisonclgrk789@yggoo.com,7748365422,Chennai,Insta,Azimuddin Mohd,End Lead,NO,NO
Jacob Walker,jgmesrodriguez234@gmgil.com,7748382197,Muzaffarpur,Insta,Tamanna Sahu,Active lead,NO,NO
Harper Ward,gvgsmitg456@gotmgil.com,7748386669,Kanker,Insta,Rohit Sonar,End Lead,NO,NO
Samuel White,genjgmincgrter789@yggoo.com,7748382223,English Bazar,Insta,Ronak Jadhav,Active lead,NO,NO
Penelope Williams,sopgiepgrker123@gmgil.com,7748385429,palakkad,Insta,Deepali Kasatwar,End Lead,NO,NO
Owen,loggngill456@gotmgil.com,7748382722,Pune,Insta,Roshan Patil,Hot lead,NO,YES
Liam Anderson,isggellgmorris789@yggoo.com,7748382342,Kachrapara,Insta,Kiran Dhakal,Active lead,NO,NO
Olivia Baker,lucgsrogers234@gmgil.com,9648382189,Surat,Google Ad,Pooja Melwani,Hot lead,NO,NO
Ethan Campbell,ggiggilwood456@gotmgil.com,7748382228,Navi Mumbai,Google Ad,Manisha Parte,Active lead,NO,NO
Sophia Davis,dgnielgugges789@yggoo.com,7748382287,Solapur,Google Ad,Anchal Mishra,Hot lead,NO,NO
Benjamin Edwards,sopgiglopez123@gmgil.com,7748382182,Hydrabad,Google Ad,Nilesh Shinde,End Lead,NO,NO
Ava Foster,jgcksonroginson456@gotmgil.com,7748382224,Hydrabad,Investment Leads,Deepali Yadav,End Lead,NO,NO
Noah Garcia,emilyjgmes789@yggoo.com,7248382238,nagpur,Investment Leads,Ritik Yadav,Hot lead,NO,NO
Mia Hernandez,gidenmiller234@gmgil.com,7248383452,Mumbai,Investment Leads,Abhijeet Bramhane,Hot lead,NO,YES
William Jackson,migjognston456@gotmgil.com,7248882212,Mumbai,Investment Leads,Akash Sharma,Active lead,NO,NO
Isabella King,etggnmurpgy789@yggoo.com,7248382399,nashik,Investment Leads,Suryakant Choudhary,End Lead,NO,NO
James Lee,olivigmorggn123@gmgil.com,7248382122,hydrabad,Investment Leads,Sushant Nikam,End Lead,NO,NO
Charlotte Martin,sgmuelstewgrt456@gotmgil.com,7248356822,Hydrabad,Investment Leads,Azimuddin Mohd,End Lead,NO,NO
Oliver Nelson,elizggetgkelly789@yggoo.com,7248382249,hydrabad,Investment Leads,Tamanna Sahu,Active lead,NO,NO
Amelia Olson,micggelcox234@gmgil.com,7248672284,solapur,Investment Leads,Rohit Sonar,Hot lead,NO,NO
Henry Patel,cggrlottegreen456@gotmgil.com,7248342119,New Delhi,Insta,Ronak Jadhav,Active lead,NO,NO
Harper Quinn,willigmprice789@yggoo.com,7248382217,Chennai,Insta,Deepali Kasatwar,Active lead,NO,NO
Samuel Ramirez,ggnnggwgrd123@gmgil.com,7248382172,Kurukshetra,Insta,Roshan Patil,End Lead,NO,NO
Abigail Smith,jgcogriverg456@gotmgil.com,7248382293,Tiruchirappalli,Insta,Kiran Dhakal,End Lead,NO,NO
Alexander Taylor,sopgigsgncgez789@yggoo.com,7248380002,Haldia,Insta,Pooja Melwani,End Lead,NO,NO
Emily Turner,gndrewross234@gmgil.com,7256782219,Parli Vaijnath,Insta,Manisha Parte,End Lead,NO,NO
Daniel Walker,gverygerngndez456@gotmgil.com,7248382242,Gandhinagar,Insta,Anchal Mishra,End Lead,NO,NO
Elizabeth Young,emmgwgtson789@yggoo.com,7248382312,Nashik,Insta,Nilesh Shinde,End Lead,NO,NO
Michael Adams,dgnielmgrtin123@gmgil.com,7651361366,Navi Mumbai,whatsapp,Deepali Yadav,Hot lead,NO,YES
Grace Bennett,miggdgms456@gotmgil.com,7248383454,Navi Mumbai,whatsapp,Ritik Yadav,Active lead,NO,NO
Matthew Carter,genjgminclgrk789@yggoo.com,7248390273,Mumbai,whatsapp,Abhijeet Bramhane,Active lead,NO,NO
Chloe Clark,oliviglong234@gmgil.com,7248382213,Tamilnadu,Calling,Akash Sharma,End Lead,NO,NO
David Collins,etggnjgmes456@gotmgil.com,7248388824,Nagpur,Calling,Suryakant Choudhary,Hot lead,YES,Coverted
Ella Cook,isggellgwgite789@yggoo.com,7248386666,MIRZAPUR (UP),PZ VIP,Sushant Nikam,End Lead,NO,NO
Joseph Cooper,loggnjones234@gmgil.com,7245552212,PRODDATUR,PZ VIP,Azimuddin Mohd,End Lead,NO,NO
Victoria Cox,cgloewglker456@gotmgil.com,7248382392,Kolkatta,Investment Leads,Tamanna Sahu,End Lead,NO,NO
Samuel Cruz,jgcksontgomgs789@yggoo.com,7248382182,Mumbai,Investment Leads,Rohit Sonar,Hot lead,NO,YES
Evelyn Diaz,ggiggillewis123@gmgil.com,7248382129,Mumbai,Investment Leads,Ronak Jadhav,Active lead,NO,NO
Alexander Evans,willigmsgncgez456@gotmgil.com,7248382644,Nagpur,Investment Leads,Deepali Kasatwar,Active lead,NO,NO
Natalie Flores,sopgiemorris789@yggoo.com,7278382322,nashik,Investment Leads,Roshan Patil,End Lead,NO,NO
Christopher Gonzalez,lucgswriggt234@gmgil.com,7248382298,Solapur,Investment Leads,Kiran Dhakal,Active lead,NO,NO
Penelope Gray,emilycooper456@gotmgil.com,7248288929,Kerla,Investment Leads,Pooja Melwani,End Lead,NO,NO
Jonathan Griffin,nogggill789@yggoo.com,7248282124,Bangalore,FB,Manisha Parte,End Lead,NO,NO
Scarlett Hall,mgdisonrodriguez123@gmgil.com,7245552279,Murshidabad,FB,Anchal Mishra,End Lead,NO,NO
Gabriel Hill,jgcogrogers456@gotmgil.com,7248282182,Basar,FB,Nilesh Shinde,End Lead,NO,NO
Zoey Hughes,ggnngggerngndez789@yggoo.com,7248277728,Bari Sadri,FB,Deepali Yadav,End Lead,NO,NO
Isaac Jenkins,olivermorggn234@gmgil.com,7248286548,Sathyamangalam,FB,Ritik Yadav,End Lead,NO,NO
Lily Johnson,gvggllen456@gotmgil.com,7248282122,Patiala,FB,Abhijeet Bramhane,End Lead,NO,NO
Joshua Kelly,sgmuelwood789@yggoo.com,7266662279,Purnea and Madhepura,FB,Akash Sharma,End Lead,NO,NO
Audrey King,gveryjgmes123@gmgil.com,7248282323,Gurugram,FB,Suryakant Choudhary,End Lead,NO,NO
Andrew Lewis,elizggetgcox456@gotmgil.com,7248211242,Dewas,FB,Sushant Nikam,End Lead,NO,NO
Layla Long,dgnieljognson789@yggoo.com,7248282293,Aizawl,Google Ad,Azimuddin Mohd,End Lead,NO,NO
Daniel Martinez,sopgigprice234@gmgil.com,7248285528,Kolkata,Google Ad,Tamanna Sahu,Active lead,NO,NO
Aria Mitchell,willigmgdgms456@gotmgil.com,7248233319,Biswanath Chariali,Google Ad,Rohit Sonar,End Lead,NO,NO
Anthony Moore,miglee789@yggoo.com,7248204242,Akaltara,Google Ad,Anchal Mishra,Active lead,NO,NO
Aarav Sharma,etggnmiller234@gmgil.com,7248282292,Firozabad,Google Ad,Nilesh Shinde,End Lead,NO,NO
Riya Patel,olivigggrcig456@gotmgil.com,7248282173,Pilibhit,Google Ad,Deepali Yadav,Active lead,NO,NO
Advait Singh,jgcksonwilson789@yggoo.com,7248282283,Hooghly,Google Ad,Ritik Yadav,Active lead,NO,NO
Ishita Verma,emilytgompson123@gmgil.com,7248282999,Ambala Cantt,Google Ad,Abhijeet Bramhane,Active lead,NO,NO
Arjun Gupta,loggnclgrk456@gotmgil.com,7248282239,Nagpur,Google Ad,Akash Sharma,End Lead,NO,NO
Saanvi Joshi,jogndoe123@gmgil.com,7248255529,Mysore,FB,Senthil Nadar,Active lead,NO,NO
Aryan Kumar,sgrggsmitg456@gotmgil.com,7248282282,Lucknow,FB,Ronak Jadhav,Active lead,NO,NO
Aanya Shah,mike.jones789@yggoo.com,7248282188,muvatupuzha,FB,Deepali Kasatwar,End Lead,NO,NO
Reyansh Patel,emilywilson321@gmgil.com,7248282394,Visakhapatnam,FB,Roshan Patil,End Lead,NO,NO
Zara Kapoor,glexgrown987@gotmgil.com,8248286528,Akola,FB,Kiran Dhakal,End Lead,NO,NO
Atharv Singhania,jenniferdgvis654@yggoo.com,8248282221,Coimbatore,FB,Pooja Melwani,End Lead,NO,NO
Myra Reddy,mgttgewtgomgs876@gmgil.com,8240282229,Nashik,FB,Manisha Parte,End Lead,NO,NO
Vivaan Patel,olivigjognson234@gotmgil.com,8248282288,Jagtial,Google Ad,Anchal Mishra,End Lead,NO,NO
Anaya Iyer,willigmjgckson567@yggoo.com,8248288229,Andhrapradesh,Google Ad,Nilesh Shinde,Active lead,NO,NO
Vihaan Choudhury,sopgigrogerts345@gmgil.com,8248282194,Imphal,Google Ad,Deepali Yadav,End Lead,NO,NO
Aadhya Sengupta,jgsonlee890@gotmgil.com,8248283338,Kashipur,Google Ad,Ritik Yadav,Active lead,NO,NO
Shaurya Mishra,gmeligwilson678@yggoo.com,8245552272,Mysore,Google Ad,Abhijeet Bramhane,Active lead,NO,NO
Diya Desai,etggnmgrtinez123@gmgil.com,8299282242,Lucknow,Investment Leads,Akash Sharma,End Lead,NO,NO
Krish Saxena,emmgwglker456@gotmgil.com,8321282219,Tamilnadu,Investment Leads,Suryakant Choudhary,Active lead,NO,NO
Navya Agarwal,dgvidtgylor789@yggoo.com,8248282529,Madhya Pradesh,Investment Leads,Sushant Nikam,End Lead,NO,NO
Ishaan Srinivasan,cgloeggrris321@gmgil.com,8248282279,mumbai,Investment Leads,Azimuddin Mohd,Active lead,NO,NO
Anika Khanna,noggtgompson567@gotmgil.com,8248282349,Kerla,Investment Leads,Tamanna Sahu,End Lead,NO,NO
Vihaan Dave,mgdisonclgrk789@yggoo.com,8248282223,Lucknow,Investment Leads,Rohit Sonar,End Lead,NO,NO
Aanya Menon,jgmesrodriguez234@gmgil.com,8248554197,Lucknow,whatsapp,Ronak Jadhav,End Lead,NO,NO
Dhruv Sharma,gvgsmitg456@gotmgil.com,8248287649,Aurangabad,whatsapp,Deepali Kasatwar,Hot lead,NO,YES
Avani Gupta,genjgmincgrter789@yggoo.com,8248209849,Rajeshthan,whatsapp,Roshan Patil,Active lead,NO,NO
Arnav Banerjee,sopgiepgrker123@gmgil.com,8248281229,Navi Mumbai,whatsapp,Kiran Dhakal,Active lead,NO,NO
Siya Rao,loggngill456@gotmgil.com,8248265499,lucknow,PZ VIP,Pooja Melwani,Active lead,NO,NO
Aarush Bhatia,isggellgmorris789@yggoo.com,8987282328,Avinashi 641654,PZ VIP,Manisha Parte,End Lead,NO,NO
Ishani Nair,lucgsrogers234@gmgil.com,8248285812,Aurangabad,Insta,Anchal Mishra,End Lead,NO,NO
Advaitan Das,ggiggilwood456@gotmgil.com,924820242,covai,Insta,Nilesh Shinde,End Lead,NO,NO
Ananya Iyer,dgnielgugges789@yggoo.com,8248217242,Gorakhpur,Insta,Deepali Yadav,End Lead,NO,NO
Pranav Mehra,sopgiglopez123@gmgil.com,8248282289,Kollam,Insta,Ritik Yadav,End Lead,NO,NO
Kiara Choudhary,jgcksonroginson456@gotmgil.com,8248282182,Chennai,Insta,Abhijeet Bramhane,End Lead,NO,NO
Vivaan Pillai,emilyjgmes789@yggoo.com,8248765497,coimbatore,Insta,Akash Sharma,End Lead,NO,NO
Anvi Venkatesh,gidenmiller234@gmgil.com,8248282311,ara,Insta,Suryakant Choudhary,End Lead,NO,NO
Aaryan Mathur,migjognston456@gotmgil.com,8248777328,Salem,Insta,Sushant Nikam,End Lead,NO,NO
Riyaan Nair,etggnmurpgy789@yggoo.com,8248283229,Tiruchirappalli,Insta,Azimuddin Mohd,End Lead,NO,NO
Nandini Krishnan,olivigmorggn123@gmgil.com,8248282218,Siliguri,Insta,Tamanna Sahu,End Lead,NO,NO
Samaira Singh,sgmuelstewgrt456@gotmgil.com,8248282241,Pune,Investment Leads,Ronak Jadhav,Hot lead,YES,Coverted
Shaurya Murthy,elizggetgkelly789@yggoo.com,8248243219,bijapur near,Google Ad,Deepali Kasatwar,End Lead,NO,NO
Riya Chatterjee,micggelcox234@gmgil.com,8248243272,Noida,Google Ad,Azimuddin Mohd,Active lead,NO,NO
Aditya Menon,cggrlottegreen456@gotmgil.com,8248282312,Kaithal,Google Ad,Roshan Patil,End Lead,NO,NO
Aaradhya Deshpande,willigmprice789@yggoo.com,8243670299,Shimla,Google Ad,Pooja Melwani,End Lead,NO,NO
Ishika Saxena,ggnnggwgrd123@gmgil.com,8248282237,Jaipur,Insta,Anchal Mishra,End Lead,NO,NO
Arjun Mehra,jgcogriverg456@gotmgil.com,8248282297,patna,Insta,Nilesh Shinde,End Lead,NO,NO
Anaya Iyengar,sopgigsgncgez789@yggoo.com,8248286642,Mandla,Insta,Ronak Jadhav,End Lead,NO,NO
Aryan Dubey,gndrewross234@gmgil.com,8246312338,Guntur,Insta,Deepali Kasatwar,End Lead,NO,NO
Myra Iyer,gverygerngndez456@gotmgil.com,8248286229,Rayagada,Insta,Abhijeet Bramhane,End Lead,NO,NO
Devansh Shah,emmgwgtson789@yggoo.com,8248292229,Jammu,Insta,Deepali Kasatwar,End Lead,NO,NO
Aishani Gupta,dgnielmgrtin123@gmgil.com,8248276338,Vrindaban,Insta,Sushant Nikam,End Lead,NO,NO
Reyansh Joshi,miggdgms456@gotmgil.com,8241234272,vellore,Insta,Tamanna Sahu,End Lead,NO,NO
Zara Rao,genjgminclgrk789@yggoo.com,8248282339,Srinagar,Insta,Roshan Patil,End Lead,NO,NO
Atharv Srinivasan,oliviglong234@gmgil.com,8247282231,Jaipur,Insta,Sushant Nikam,End Lead,NO,NO
Saisha Kapoor,etggnjgmes456@gotmgil.com,8247282187,Berhampur,Insta,Tamanna Sahu,End Lead,NO,NO
Vihaan Chawla,isggellgwgite789@yggoo.com,8243282998,Chitradurga,FB,Deepali Kasatwar,End Lead,NO,NO
Navya Prasad,loggnjones234@gmgil.com,7243282192,Bareilly,FB,Tamanna Sahu,End Lead,NO,NO
Rudra Raghavan,cgloewglker456@gotmgil.com,8248383202,Pune,FB,Sushant Nikam,End Lead,NO,NO
Sia Reddy,jgcksontgomgs789@yggoo.com,7243282177,Bolangir,FB,Azimuddin Mohd,End Lead,NO,NO
Anaya Rao,ggiggillewis123@gmgil.com,7243282292,Baner,FB,Azimuddin Mohd,End Lead,NO,NO
Ayush Sinha,willigmsgncgez456@gotmgil.com,7243282231,Akola maharashtra,FB,Azimuddin Mohd,End Lead,NO,NO
Myra Menon,sopgiemorris789@yggoo.com,7243282219,Ramganjmandi,FB,Azimuddin Mohd,End Lead,NO,NO
Kian Kapoor,lucgswriggt234@gmgil.com,7243282239,Bhagalpur,FB,Sushant Nikam,End Lead,NO,NO
Aahana Sharma,emilycooper456@gotmgil.com,8243282283,kandhar,FB,Pooja Melwani,End Lead,NO,NO
Anshuman Agarwal,nogggill789@yggoo.com,7243282293,Bangalore,FB,Pooja Melwani,End Lead,NO,NO
Aanya Iyengar,mgdisonrodriguez123@gmgil.com,8243082299,KOLHAPUR,PZ VIP,Anchal Mishra,Active lead,NO,NO
Vihaan Choudhury,jgcogrogers456@gotmgil.com,8243282244,Chalisgaon,PZ VIP,Anchal Mishra,Active lead,NO,NO
Reyansh Verma,ggnngggerngndez789@yggoo.com,8243282212,Tamilnadu,whatsapp,Abhijeet Bramhane,Active lead,NO,NO
Anika Gupta,olivermorggn234@gmgil.com,8243282218,Navi Mumbai,whatsapp,Abhijeet Bramhane,Active lead,NO,NO
Advaitan Joshi,gvggllen456@gotmgil.com,8243282182,Mumbai,whatsapp,Nilesh Shinde,Active lead,NO,NO
Saanvi Reddy,sgmuelwood789@yggoo.com,8243284372,Mumbai,whatsapp,Nilesh Shinde,End Lead,NO,NO
Dhruv Chawla,gveryjgmes123@gmgil.com,8243282198,Lucknow,Investment Leads,Abhijeet Bramhane,Active lead,NO,NO
Aradhya Singh,elizggetgcox456@gotmgil.com,8243282248,Mumbai,Investment Leads,Nilesh Shinde,Active lead,NO,NO
Samaira Krishnan,dgnieljognson789@yggoo.com,8243287299,Mumbai,Investment Leads,Deepali Kasatwar,Active lead,NO,NO
Shaurya Patel,sopgigprice234@gmgil.com,8243282239,Tamilnadu,Investment Leads,Sushant Nikam,Active lead,NO,NO
Aarav Iyer,willigmgdgms456@gotmgil.com,8243274312,Navi Mumbai,Investment Leads,Ronak Jadhav,Active lead,NO,NO
Aishani Nair,miglee789@yggoo.com,7824328209,Nagpur,Investment Leads,Ronak Jadhav,End Lead,NO,NO
Aryan Khanna,etggnmiller234@gmgil.com,8243282291,Nashik,Investment Leads,Tamanna Sahu,End Lead,NO,NO
Ishani Sharma,olivigggrcig456@gotmgil.com,8243282309,Mumbai,Investment Leads,Senthil Nadar,End Lead,NO,NO
Arjun Dubey,jgcksonwilson789@yggoo.com,8249897282,Surat,Investment Leads,Ronak Jadhav,End Lead,NO,NO
Kiara Chatterjee,emilytgompson123@gmgil.com,8243282293,Surat,Investment Leads,Deepali Kasatwar,Active lead,NO,NO
Pranav Menon,loggnclgrk456@gotmgil.com,8243288759,Tamilnadu,Investment Leads,Roshan Patil,Active lead,NO,NO
Siya Rao,gmeligwilson678@yggoo.com,8243280099,Patna,whatsapp,Kiran Dhakal,Hot lead,YES,Coverted
Aarush Murthy,etggnmgrtinez123@gmgil.com,8243282228,Agra,Investment Leads,Pooja Melwani,End Lead,NO,NO
Isha Raghavan,emmgwglker456@gotmgil.com,8249872242,Nagpur,whatsapp,Manisha Parte,Hot lead,YES,Coverted
Advaitan Nair,dgvidtgylor789@yggoo.com,8243282174,bhubaneswar,Investment Leads,Anchal Mishra,End Lead,NO,NO
Ananya Mehra,sgrggsmitg456@gotmgil.com,8243631229,chakur,Investment Leads,Nilesh Shinde,End Lead,NO,NO
Devansh Shah,mike.jones789@yggoo.com,8243282192,belgaum,Insta,Deepali Yadav,Hot lead,YES,Coverted
Reyansh Iyengar,emilywilson321@gmgil.com,8243282232,mysore,Investment Leads,Ritik Yadav,End Lead,NO,NO
Myra Gupta,glexgrown987@gotmgil.com,8243272223,Rourkela,Investment Leads,Abhijeet Bramhane,End Lead,NO,NO
Rudra Bhatia,jenniferdgvis654@yggoo.com,8243272398,kendrapara,Investment Leads,Akash Sharma,End Lead,NO,NO
Anika Nair,mgttgewtgomgs876@gmgil.com,8243272127,baragur,Investment Leads,Suryakant Choudhary,End Lead,NO,NO
Dhruv Choudhury,olivigjognson234@gotmgil.com,8243272182,Konarka,Investment Leads,Sushant Nikam,End Lead,NO,NO
Aahana Kapoor,willigmjgckson567@yggoo.com,8243290009,Bangalore,Investment Leads,Azimuddin Mohd,Active lead,NO,NO
Kian Singhania,sopgigrogerts345@gmgil.com,8243446642,"pathri, parbhani",Investment Leads,Tamanna Sahu,End Lead,NO,NO
Anshuman Iyer,jgsonlee890@gotmgil.com,8243272319,bhubaneswar,Insta,Rohit Sonar,End Lead,NO,NO
Aanya Desai,gmeligwilson678@yggoo.com,8243272399,chakur,Insta,Senthil Nadar,End Lead,NO,NO
Vihaan Verma,etggnmgrtinez123@gmgil.com,8243288882,belgaum,Insta,Ronak Jadhav,Active lead,NO,NO
Ayush Sengupta,emmgwglker456@gotmgil.com,8243272279,mysore,Insta,Deepali Kasatwar,Active lead,NO,NO
Saisha Patel,dgvidtgylor789@yggoo.com,8243272292,Rourkela,Insta,Roshan Patil,End Lead,NO,NO
Shaurya,cgloeggrris321@gmgil.com,8243272122,kendrapara,Insta,Kiran Dhakal,End Lead,NO,NO
Thompson,noggtgompson567@gotmgil.com,8243272297,baragur,Insta,Pooja Melwani,End Lead,NO,NO
clark,mgdisonclgrk789@yggoo.com,8243272272,Konarka,Insta,Manisha Parte,End Lead,NO,NO
james,jgmesrodriguez234@gmgil.com,8243279992,Bangalore,Insta,Anchal Mishra,Active lead,NO,NO
Smith,gvgsmitg456@gotmgil.com,8243272212,"pathri, parbhani",Insta,Nilesh Shinde,End Lead,NO,NO
benjamin,genjgmincgrter789@yggoo.com,8243272277,Falta,Insta,Deepali Yadav,End Lead,NO,NO
parker,sopgiepgrker123@gmgil.com,8243272179,Puttur,Insta,Ritik Yadav,End Lead,NO,NO
logan,loggngill456@gotmgil.com,8243279872,Boradi,Google Ad,Abhijeet Bramhane,End Lead,NO,NO
morris,isggellgmorris789@yggoo.com,8243878642,Athani,Google Ad,Akash Sharma,End Lead,NO,NO
lucas,lucgsrogers234@gmgil.com,8277272249,Jalgaon,Google Ad,Suryakant Choudhary,End Lead,NO,NO
wood,ggiggilwood456@gotmgil.com,8243272184,Ajmer,Google Ad,Sushant Nikam,End Lead,NO,NO
huges,dgnielgugges789@yggoo.com,8243272218,Hassan,Google Ad,Azimuddin Mohd,End Lead,NO,NO
sopia,sopgiglopez123@gmgil.com,8243272229,Vijayapur,Google Ad,Tamanna Sahu,End Lead,NO,NO
Jack,jgcksonroginson456@gotmgil.com,9243272174,barbigha sheakpura (vil maldah),Google Ad,Rohit Sonar,End Lead,NO,NO
emily,emilyjgmes789@yggoo.com,9243272282,Manawar,Google Ad,Senthil Nadar,End Lead,NO,NO
aiden miller,gidenmiller234@gmgil.com,9245778212,BICHHIYA,Google Ad,Ronak Jadhav,End Lead,NO,NO
johmston,migjognston456@gotmgil.com,9243274472,Mogri,Google Ad,Deepali Kasatwar,End Lead,NO,NO
murphy,etggnmurpgy789@yggoo.com,9243272323,bhubaneswar,Google Ad,Roshan Patil,End Lead,NO,NO
olivia m,olivigmorggn123@gmgil.com,9243211192,bhopal,FB,Kiran Dhakal,Active lead,NO,NO
samuel,sgmuelstewgrt456@gotmgil.com,9243279942,Bhubaneswar,FB,Pooja Melwani,Active lead,NO,NO
elizabeth,elizggetgkelly789@yggoo.com,9243272394,Jaipur,FB,Manisha Parte,Active lead,NO,NO
michael,micggelcox234@gmgil.com,9243272243,malda,FB,Anchal Mishra,Active lead,NO,NO
charlot,cggrlottegreen456@gotmgil.com,9245432232,Naihati,FB,Nilesh Shinde,End Lead,NO,NO
william,willigmprice789@yggoo.com,9243008732,Chennai,FB,Deepali Yadav,Active lead,NO,NO
hanna,ggnnggwgrd123@gmgil.com,9243432199,Srikakulam,FB,Ritik Yadav,End Lead,NO,NO
jacobrivera,jgcogriverg456@gotmgil.com,9243272177,Tirupattur,FB,Abhijeet Bramhane,Active lead,NO,NO
sopia,sopgigsgncgez789@yggoo.com,9243272188,Safidon,FB,Akash Sharma,End Lead,NO,NO
andre,gndrewross234@gmgil.com,9243233372,Jaipur,FB,Suryakant Choudhary,Hot lead,YES,Coverted
hernandez,gverygerngndez456@gotmgil.com,9243272234,Erode,FB,Sushant Nikam,End Lead,NO,NO
watson,emmgwgtson789@yggoo.com,9243766228,nashik,FB,Azimuddin Mohd,Active lead,NO,NO
martin,dgnielmgrtin123@gmgil.com,9243272522,Vellore,FB,Tamanna Sahu,End Lead,NO,NO
adams,miggdgms456@gotmgil.com,9249651242,Shimla,FB,Rohit Sonar,Hot lead,YES,Coverted
clark behnjamin,genjgminclgrk789@yggoo.com,9243272779,Parbhani,FB,Senthil Nadar,End Lead,NO,NO
oliva,oliviglong234@gmgil.com,9243272192,Navi Mumbai,PZ VIP,Ronak Jadhav,Active lead,NO,NO
james ethan,etggnjgmes456@gotmgil.com,9243272197,bhubaneswar,whatsapp,Deepali Kasatwar,End Lead,NO,NO
isabe white,isggellgwgite789@yggoo.com,9243955228,chakur,whatsapp,Roshan Patil,End Lead,NO,NO
logan jones,loggnjones234@gmgil.com,9243672222,belgaum,whatsapp,Kiran Dhakal,Active lead,NO,NO
walker,cgloewglker456@gotmgil.com,9243287892,mysore,whatsapp,Pooja Melwani,Active lead,NO,NO
jackthomas,jgcksontgomgs789@yggoo.com,9243272229,Rourkela,whatsapp,Manisha Parte,End Lead,NO,NO
abigaillewis,ggiggillewis123@gmgil.com,9243272224,kendrapara,whatsapp,Anchal Mishra,End Lead,NO,NO
sanchez,willigmsgncgez456@gotmgil.com,9243272249,baragur,whatsapp,Nilesh Shinde,End Lead,NO,NO
morris s,sopgiemorris789@yggoo.com,9243272332,Konarka,whatsapp,Deepali Yadav,End Lead,NO,NO
lucas w,lucgswriggt234@gmgil.com,9243272237,Bangalore,whatsapp,Ritik Yadav,Hot lead,YES,Converted
emily,emilycooper456@gotmgil.com,9248654399,Chittoor,PZ VIP,Ronak Jadhav,End Lead,NO,NO
naohill,nogggill789@yggoo.com,9240002292,mysore,Calling,Deepali Kasatwar,Active lead,NO,NO
roddrigez m,mgdisonrodriguez123@gmgil.com,9243274422,Rourkela,Calling,Roshan Patil,End Lead,NO,NO
jacob,jgcogrogers456@gotmgil.com,9243555172,kendrapara,whatsapp,Kiran Dhakal,Active lead,NO,NO
hannah,ggnngggerngndez789@yggoo.com,9243272122,baragur,whatsapp,Pooja Melwani,Active lead,NO,NO
oliver mm,olivermorggn234@gmgil.com,9243272143,Konarka,whatsapp,Manisha Parte,Active lead,NO,NO
avaalll,gvggllen456@gotmgil.com,9243272121,Bangalore,FB,Anchal Mishra,Active lead,NO,NO
samuele w,sgmuelwood789@yggoo.com,9243272341,Tamilnadu,FB,Nilesh Shinde,Active lead,NO,NO
jamesh ,gveryjgmes123@gmgil.com,9243234721,Berhampore,FB,Deepali Yadav,End Lead,NO,NO
eliz,elizggetgcox456@gotmgil.com,9243237721,sitamarhi,FB,Ritik Yadav,End Lead,NO,NO
daniel,dgnieljognson789@yggoo.com,9247832721,Mumbai,FB,Abhijeet Bramhane,Hot lead,NO,YES
sophia p,sopgigprice234@gmgil.com,9243212721,Nagpur,FB,Akash Sharma,Hot lead,YES,Coverted
william adams,willigmgdgms456@gotmgil.com,9229432721,Dibrugarh,FB,Suryakant Choudhary,End Lead,NO,NO
mialee,miglee789@yggoo.com,9243192721,Vaidpura Etawah,FB,Sushant Nikam,End Lead,NO,NO
Rajeshh,rdpgtil651@gmgil.com,9244132721,Navi Mumbai,whatsapp,Sushant Nikam,End Lead,NO,NO
